school;sex;age;address;famsize;Pstatus;Medu;Fedu;Mjob;Fjob;reason;guardian;traveltime;studytime;failures;schoolsup;famsup;paid;activities;nursery;higher;internet;romantic;famrel;freetime;goout;Dalc;Walc;health;absences;G1;G2;G3
*;*;*;*;*;*;*;*;*;*;*;*;*;*;*;*;*;*;*;*;*;*;*;*;*;*;*;*;*;*;*;*;11
GP;*;*;*;*;*;*;*;*;*;*;parents;*;*;*;no;*;no;*;*;*;yes;no;*;*;*;*;*;*;*;*;*;11
GP;*;*;*;*;*;*;*;*;*;*;parents;*;*;*;yes;*;no;*;*;*;yes;no;*;*;*;*;*;*;*;*;*;12
GP;*;*;*;*;*;*;*;*;*;*;parents;*;*;*;no;*;no;*;*;*;yes;yes;*;*;*;*;*;*;*;*;*;14
GP;*;*;*;*;*;*;*;*;*;*;parents;*;*;*;no;*;no;*;*;*;no;no;*;*;*;*;*;*;*;*;*;13
GP;*;*;*;*;*;*;*;*;*;*;parents;*;*;*;no;*;no;*;*;*;yes;no;*;*;*;*;*;*;*;*;*;13
GP;*;*;*;*;*;*;*;*;*;*;parents;*;*;*;no;*;no;*;*;*;yes;no;*;*;*;*;*;*;*;*;*;13
*;*;*;*;*;*;*;*;*;*;*;*;*;*;*;*;*;*;*;*;*;*;*;*;*;*;*;*;*;*;*;*;13
GP;*;*;*;*;*;*;*;*;*;*;parents;*;*;*;no;*;no;*;*;*;yes;no;*;*;*;*;*;*;*;*;*;17
GP;*;*;*;*;*;*;*;*;*;*;parents;*;*;*;no;*;no;*;*;*;yes;no;*;*;*;*;*;*;*;*;*;13
GP;*;*;*;*;*;*;*;*;*;*;parents;*;*;*;no;*;no;*;*;*;yes;no;*;*;*;*;*;*;*;*;*;14
GP;*;*;*;*;*;*;*;*;*;*;parents;*;*;*;no;*;no;*;*;*;yes;no;*;*;*;*;*;*;*;*;*;13
GP;*;*;*;*;*;*;*;*;*;*;parents;*;*;*;no;*;no;*;*;*;yes;no;*;*;*;*;*;*;*;*;*;12
GP;*;*;*;*;*;*;*;*;*;*;parents;*;*;*;no;*;no;*;*;*;yes;no;*;*;*;*;*;*;*;*;*;13
*;*;*;*;*;*;*;*;*;*;*;*;*;*;*;*;*;*;*;*;*;*;*;*;*;*;*;*;*;*;*;*;15
GP;*;*;*;*;*;*;*;*;*;*;parents;*;*;*;no;*;no;*;*;*;yes;no;*;*;*;*;*;*;*;*;*;17
GP;*;*;*;*;*;*;*;*;*;*;parents;*;*;*;no;*;no;*;*;*;yes;no;*;*;*;*;*;*;*;*;*;14
*;*;*;*;*;*;*;*;*;*;*;*;*;*;*;*;*;*;*;*;*;*;*;*;*;*;*;*;*;*;*;*;14
*;*;*;*;*;*;*;*;*;*;*;*;*;*;*;*;*;*;*;*;*;*;*;*;*;*;*;*;*;*;*;*;7
GP;*;*;*;*;*;*;*;*;*;*;parents;*;*;*;no;*;no;*;*;*;yes;no;*;*;*;*;*;*;*;*;*;12
GP;*;*;*;*;*;*;*;*;*;*;parents;*;*;*;no;*;no;*;*;*;yes;no;*;*;*;*;*;*;*;*;*;14
*;*;*;*;*;*;*;*;*;*;*;*;*;*;*;*;*;*;*;*;*;*;*;*;*;*;*;*;*;*;*;*;12
GP;*;*;*;*;*;*;*;*;*;*;parents;*;*;*;no;*;no;*;*;*;yes;no;*;*;*;*;*;*;*;*;*;14
GP;*;*;*;*;*;*;*;*;*;*;parents;*;*;*;no;*;no;*;*;*;yes;no;*;*;*;*;*;*;*;*;*;10
GP;*;*;*;*;*;*;*;*;*;*;parents;*;*;*;yes;*;no;*;*;*;yes;no;*;*;*;*;*;*;*;*;*;10
GP;*;*;*;*;*;*;*;*;*;*;parents;*;*;*;no;*;no;*;*;*;yes;no;*;*;*;*;*;*;*;*;*;12
GP;*;*;*;*;*;*;*;*;*;*;parents;*;*;*;no;*;no;*;*;*;yes;no;*;*;*;*;*;*;*;*;*;12
GP;*;*;*;*;*;*;*;*;*;*;parents;*;*;*;no;*;no;*;*;*;yes;no;*;*;*;*;*;*;*;*;*;11
*;*;*;*;*;*;*;*;*;*;*;*;*;*;*;*;*;*;*;*;*;*;*;*;*;*;*;*;*;*;*;*;13
*;*;*;*;*;*;*;*;*;*;*;*;*;*;*;*;*;*;*;*;*;*;*;*;*;*;*;*;*;*;*;*;12
*;*;*;*;*;*;*;*;*;*;*;*;*;*;*;*;*;*;*;*;*;*;*;*;*;*;*;*;*;*;*;*;11
GP;*;*;*;*;*;*;*;*;*;*;parents;*;*;*;no;*;no;*;*;*;yes;no;*;*;*;*;*;*;*;*;*;15
GP;*;*;*;*;*;*;*;*;*;*;parents;*;*;*;no;*;no;*;*;*;yes;yes;*;*;*;*;*;*;*;*;*;15
GP;*;*;*;*;*;*;*;*;*;*;parents;*;*;*;no;*;no;*;*;*;yes;no;*;*;*;*;*;*;*;*;*;12
GP;*;*;*;*;*;*;*;*;*;*;parents;*;*;*;no;*;no;*;*;*;yes;no;*;*;*;*;*;*;*;*;*;12
GP;*;*;*;*;*;*;*;*;*;*;parents;*;*;*;no;*;no;*;*;*;no;no;*;*;*;*;*;*;*;*;*;11
GP;*;*;*;*;*;*;*;*;*;*;parents;*;*;*;no;*;no;*;*;*;yes;no;*;*;*;*;*;*;*;*;*;14
GP;*;*;*;*;*;*;*;*;*;*;parents;*;*;*;no;*;no;*;*;*;yes;yes;*;*;*;*;*;*;*;*;*;13
GP;*;*;*;*;*;*;*;*;*;*;parents;*;*;*;yes;*;no;*;*;*;yes;no;*;*;*;*;*;*;*;*;*;12
*;*;*;*;*;*;*;*;*;*;*;*;*;*;*;*;*;*;*;*;*;*;*;*;*;*;*;*;*;*;*;*;12
GP;*;*;*;*;*;*;*;*;*;*;parents;*;*;*;no;*;no;*;*;*;yes;yes;*;*;*;*;*;*;*;*;*;10
*;*;*;*;*;*;*;*;*;*;*;*;*;*;*;*;*;*;*;*;*;*;*;*;*;*;*;*;*;*;*;*;11
GP;*;*;*;*;*;*;*;*;*;*;parents;*;*;*;no;*;no;*;*;*;yes;no;*;*;*;*;*;*;*;*;*;15
GP;*;*;*;*;*;*;*;*;*;*;parents;*;*;*;yes;*;no;*;*;*;yes;no;*;*;*;*;*;*;*;*;*;10
GP;*;*;*;*;*;*;*;*;*;*;parents;*;*;*;yes;*;no;*;*;*;yes;no;*;*;*;*;*;*;*;*;*;11
*;*;*;*;*;*;*;*;*;*;*;*;*;*;*;*;*;*;*;*;*;*;*;*;*;*;*;*;*;*;*;*;11
GP;*;*;*;*;*;*;*;*;*;*;parents;*;*;*;no;*;no;*;*;*;yes;no;*;*;*;*;*;*;*;*;*;13
GP;*;*;*;*;*;*;*;*;*;*;parents;*;*;*;no;*;no;*;*;*;yes;no;*;*;*;*;*;*;*;*;*;17
GP;*;*;*;*;*;*;*;*;*;*;parents;*;*;*;no;*;no;*;*;*;no;no;*;*;*;*;*;*;*;*;*;13
GP;*;*;*;*;*;*;*;*;*;*;parents;*;*;*;yes;*;no;*;*;*;yes;no;*;*;*;*;*;*;*;*;*;12
GP;*;*;*;*;*;*;*;*;*;*;parents;*;*;*;no;*;no;*;*;*;yes;no;*;*;*;*;*;*;*;*;*;13
GP;*;*;*;*;*;*;*;*;*;*;parents;*;*;*;no;*;no;*;*;*;yes;no;*;*;*;*;*;*;*;*;*;16
GP;*;*;*;*;*;*;*;*;*;*;parents;*;*;*;no;*;no;*;*;*;no;no;*;*;*;*;*;*;*;*;*;9
GP;*;*;*;*;*;*;*;*;*;*;parents;*;*;*;yes;*;no;*;*;*;yes;no;*;*;*;*;*;*;*;*;*;12
GP;*;*;*;*;*;*;*;*;*;*;parents;*;*;*;no;*;no;*;*;*;yes;no;*;*;*;*;*;*;*;*;*;13
GP;*;*;*;*;*;*;*;*;*;*;parents;*;*;*;no;*;no;*;*;*;yes;yes;*;*;*;*;*;*;*;*;*;12
GP;*;*;*;*;*;*;*;*;*;*;parents;*;*;*;no;*;no;*;*;*;yes;no;*;*;*;*;*;*;*;*;*;15
GP;*;*;*;*;*;*;*;*;*;*;parents;*;*;*;no;*;no;*;*;*;no;no;*;*;*;*;*;*;*;*;*;16
GP;*;*;*;*;*;*;*;*;*;*;parents;*;*;*;yes;*;no;*;*;*;yes;no;*;*;*;*;*;*;*;*;*;14
*;*;*;*;*;*;*;*;*;*;*;*;*;*;*;*;*;*;*;*;*;*;*;*;*;*;*;*;*;*;*;*;16
GP;*;*;*;*;*;*;*;*;*;*;parents;*;*;*;no;*;no;*;*;*;no;no;*;*;*;*;*;*;*;*;*;16
*;*;*;*;*;*;*;*;*;*;*;*;*;*;*;*;*;*;*;*;*;*;*;*;*;*;*;*;*;*;*;*;16
GP;*;*;*;*;*;*;*;*;*;*;parents;*;*;*;yes;*;no;*;*;*;yes;no;*;*;*;*;*;*;*;*;*;10
GP;*;*;*;*;*;*;*;*;*;*;parents;*;*;*;yes;*;no;*;*;*;yes;no;*;*;*;*;*;*;*;*;*;13
*;*;*;*;*;*;*;*;*;*;*;*;*;*;*;*;*;*;*;*;*;*;*;*;*;*;*;*;*;*;*;*;12
GP;*;*;*;*;*;*;*;*;*;*;parents;*;*;*;no;*;no;*;*;*;yes;no;*;*;*;*;*;*;*;*;*;16
GP;*;*;*;*;*;*;*;*;*;*;parents;*;*;*;no;*;no;*;*;*;yes;yes;*;*;*;*;*;*;*;*;*;12
GP;*;*;*;*;*;*;*;*;*;*;parents;*;*;*;yes;*;no;*;*;*;yes;no;*;*;*;*;*;*;*;*;*;10
GP;*;*;*;*;*;*;*;*;*;*;parents;*;*;*;yes;*;no;*;*;*;yes;no;*;*;*;*;*;*;*;*;*;11
GP;*;*;*;*;*;*;*;*;*;*;parents;*;*;*;no;*;no;*;*;*;yes;no;*;*;*;*;*;*;*;*;*;15
GP;*;*;*;*;*;*;*;*;*;*;parents;*;*;*;no;*;no;*;*;*;yes;no;*;*;*;*;*;*;*;*;*;11
GP;*;*;*;*;*;*;*;*;*;*;parents;*;*;*;no;*;no;*;*;*;yes;no;*;*;*;*;*;*;*;*;*;10
*;*;*;*;*;*;*;*;*;*;*;*;*;*;*;*;*;*;*;*;*;*;*;*;*;*;*;*;*;*;*;*;11
GP;*;*;*;*;*;*;*;*;*;*;parents;*;*;*;no;*;no;*;*;*;no;no;*;*;*;*;*;*;*;*;*;14
GP;*;*;*;*;*;*;*;*;*;*;parents;*;*;*;yes;*;no;*;*;*;yes;no;*;*;*;*;*;*;*;*;*;11
GP;*;*;*;*;*;*;*;*;*;*;parents;*;*;*;no;*;no;*;*;*;yes;no;*;*;*;*;*;*;*;*;*;11
GP;*;*;*;*;*;*;*;*;*;*;parents;*;*;*;no;*;no;*;*;*;yes;no;*;*;*;*;*;*;*;*;*;11
GP;*;*;*;*;*;*;*;*;*;*;parents;*;*;*;no;*;no;*;*;*;yes;yes;*;*;*;*;*;*;*;*;*;13
GP;*;*;*;*;*;*;*;*;*;*;parents;*;*;*;yes;*;no;*;*;*;yes;no;*;*;*;*;*;*;*;*;*;10
GP;*;*;*;*;*;*;*;*;*;*;parents;*;*;*;no;*;no;*;*;*;yes;no;*;*;*;*;*;*;*;*;*;11
*;*;*;*;*;*;*;*;*;*;*;*;*;*;*;*;*;*;*;*;*;*;*;*;*;*;*;*;*;*;*;*;12
GP;*;*;*;*;*;*;*;*;*;*;parents;*;*;*;yes;*;no;*;*;*;yes;no;*;*;*;*;*;*;*;*;*;9
GP;*;*;*;*;*;*;*;*;*;*;parents;*;*;*;no;*;no;*;*;*;yes;no;*;*;*;*;*;*;*;*;*;11
*;*;*;*;*;*;*;*;*;*;*;*;*;*;*;*;*;*;*;*;*;*;*;*;*;*;*;*;*;*;*;*;13
GP;*;*;*;*;*;*;*;*;*;*;parents;*;*;*;no;*;no;*;*;*;yes;no;*;*;*;*;*;*;*;*;*;12
GP;*;*;*;*;*;*;*;*;*;*;parents;*;*;*;no;*;no;*;*;*;yes;yes;*;*;*;*;*;*;*;*;*;12
GP;*;*;*;*;*;*;*;*;*;*;parents;*;*;*;no;*;no;*;*;*;no;no;*;*;*;*;*;*;*;*;*;11
GP;*;*;*;*;*;*;*;*;*;*;parents;*;*;*;no;*;no;*;*;*;yes;no;*;*;*;*;*;*;*;*;*;15
GP;*;*;*;*;*;*;*;*;*;*;parents;*;*;*;no;*;no;*;*;*;yes;no;*;*;*;*;*;*;*;*;*;11
GP;*;*;*;*;*;*;*;*;*;*;parents;*;*;*;no;*;no;*;*;*;no;no;*;*;*;*;*;*;*;*;*;10
GP;*;*;*;*;*;*;*;*;*;*;parents;*;*;*;no;*;no;*;*;*;yes;yes;*;*;*;*;*;*;*;*;*;11
GP;*;*;*;*;*;*;*;*;*;*;parents;*;*;*;no;*;no;*;*;*;yes;no;*;*;*;*;*;*;*;*;*;13
*;*;*;*;*;*;*;*;*;*;*;*;*;*;*;*;*;*;*;*;*;*;*;*;*;*;*;*;*;*;*;*;12
GP;*;*;*;*;*;*;*;*;*;*;parents;*;*;*;no;*;no;*;*;*;yes;no;*;*;*;*;*;*;*;*;*;14
GP;*;*;*;*;*;*;*;*;*;*;parents;*;*;*;no;*;no;*;*;*;yes;no;*;*;*;*;*;*;*;*;*;12
*;*;*;*;*;*;*;*;*;*;*;*;*;*;*;*;*;*;*;*;*;*;*;*;*;*;*;*;*;*;*;*;13
*;*;*;*;*;*;*;*;*;*;*;*;*;*;*;*;*;*;*;*;*;*;*;*;*;*;*;*;*;*;*;*;11
*;*;*;*;*;*;*;*;*;*;*;*;*;*;*;*;*;*;*;*;*;*;*;*;*;*;*;*;*;*;*;*;12
GP;*;*;*;*;*;*;*;*;*;*;parents;*;*;*;no;*;no;*;*;*;yes;no;*;*;*;*;*;*;*;*;*;13
GP;*;*;*;*;*;*;*;*;*;*;parents;*;*;*;yes;*;no;*;*;*;yes;no;*;*;*;*;*;*;*;*;*;13
GP;*;*;*;*;*;*;*;*;*;*;parents;*;*;*;yes;*;no;*;*;*;yes;no;*;*;*;*;*;*;*;*;*;8
GP;*;*;*;*;*;*;*;*;*;*;parents;*;*;*;no;*;no;*;*;*;yes;yes;*;*;*;*;*;*;*;*;*;16
*;*;*;*;*;*;*;*;*;*;*;*;*;*;*;*;*;*;*;*;*;*;*;*;*;*;*;*;*;*;*;*;12
GP;*;*;*;*;*;*;*;*;*;*;parents;*;*;*;yes;*;no;*;*;*;yes;no;*;*;*;*;*;*;*;*;*;10
GP;*;*;*;*;*;*;*;*;*;*;parents;*;*;*;no;*;no;*;*;*;yes;no;*;*;*;*;*;*;*;*;*;16
*;*;*;*;*;*;*;*;*;*;*;*;*;*;*;*;*;*;*;*;*;*;*;*;*;*;*;*;*;*;*;*;10
GP;*;*;*;*;*;*;*;*;*;*;parents;*;*;*;yes;*;no;*;*;*;yes;no;*;*;*;*;*;*;*;*;*;10
GP;*;*;*;*;*;*;*;*;*;*;parents;*;*;*;no;*;no;*;*;*;yes;no;*;*;*;*;*;*;*;*;*;14
GP;*;*;*;*;*;*;*;*;*;*;parents;*;*;*;no;*;no;*;*;*;yes;yes;*;*;*;*;*;*;*;*;*;11
GP;*;*;*;*;*;*;*;*;*;*;parents;*;*;*;no;*;no;*;*;*;yes;yes;*;*;*;*;*;*;*;*;*;14
GP;*;*;*;*;*;*;*;*;*;*;parents;*;*;*;no;*;no;*;*;*;yes;no;*;*;*;*;*;*;*;*;*;14
GP;*;*;*;*;*;*;*;*;*;*;parents;*;*;*;yes;*;no;*;*;*;yes;no;*;*;*;*;*;*;*;*;*;11
GP;*;*;*;*;*;*;*;*;*;*;parents;*;*;*;yes;*;no;*;*;*;yes;no;*;*;*;*;*;*;*;*;*;10
GP;*;*;*;*;*;*;*;*;*;*;parents;*;*;*;no;*;no;*;*;*;yes;no;*;*;*;*;*;*;*;*;*;18
GP;*;*;*;*;*;*;*;*;*;*;parents;*;*;*;no;*;no;*;*;*;yes;yes;*;*;*;*;*;*;*;*;*;10
GP;*;*;*;*;*;*;*;*;*;*;parents;*;*;*;no;*;no;*;*;*;yes;no;*;*;*;*;*;*;*;*;*;14
GP;*;*;*;*;*;*;*;*;*;*;parents;*;*;*;no;*;no;*;*;*;no;no;*;*;*;*;*;*;*;*;*;16
GP;*;*;*;*;*;*;*;*;*;*;parents;*;*;*;no;*;no;*;*;*;yes;no;*;*;*;*;*;*;*;*;*;15
GP;*;*;*;*;*;*;*;*;*;*;parents;*;*;*;no;*;no;*;*;*;yes;no;*;*;*;*;*;*;*;*;*;11
GP;*;*;*;*;*;*;*;*;*;*;parents;*;*;*;no;*;no;*;*;*;yes;no;*;*;*;*;*;*;*;*;*;14
GP;*;*;*;*;*;*;*;*;*;*;parents;*;*;*;no;*;no;*;*;*;yes;no;*;*;*;*;*;*;*;*;*;14
GP;*;*;*;*;*;*;*;*;*;*;parents;*;*;*;no;*;no;*;*;*;yes;no;*;*;*;*;*;*;*;*;*;13
GP;*;*;*;*;*;*;*;*;*;*;parents;*;*;*;no;*;no;*;*;*;yes;yes;*;*;*;*;*;*;*;*;*;13
GP;*;*;*;*;*;*;*;*;*;*;parents;*;*;*;no;*;no;*;*;*;yes;no;*;*;*;*;*;*;*;*;*;13
GP;*;*;*;*;*;*;*;*;*;*;parents;*;*;*;no;*;no;*;*;*;yes;yes;*;*;*;*;*;*;*;*;*;11
GP;*;*;*;*;*;*;*;*;*;*;parents;*;*;*;yes;*;no;*;*;*;yes;no;*;*;*;*;*;*;*;*;*;9
*;*;*;*;*;*;*;*;*;*;*;*;*;*;*;*;*;*;*;*;*;*;*;*;*;*;*;*;*;*;*;*;11
*;*;*;*;*;*;*;*;*;*;*;*;*;*;*;*;*;*;*;*;*;*;*;*;*;*;*;*;*;*;*;*;11
GP;*;*;*;*;*;*;*;*;*;*;parents;*;*;*;no;*;no;*;*;*;yes;no;*;*;*;*;*;*;*;*;*;15
GP;*;*;*;*;*;*;*;*;*;*;parents;*;*;*;no;*;no;*;*;*;yes;yes;*;*;*;*;*;*;*;*;*;13
GP;*;*;*;*;*;*;*;*;*;*;parents;*;*;*;no;*;no;*;*;*;yes;yes;*;*;*;*;*;*;*;*;*;12
GP;*;*;*;*;*;*;*;*;*;*;parents;*;*;*;no;*;no;*;*;*;yes;yes;*;*;*;*;*;*;*;*;*;8
GP;*;*;*;*;*;*;*;*;*;*;parents;*;*;*;no;*;no;*;*;*;yes;no;*;*;*;*;*;*;*;*;*;11
GP;*;*;*;*;*;*;*;*;*;*;parents;*;*;*;no;*;no;*;*;*;yes;yes;*;*;*;*;*;*;*;*;*;13
GP;*;*;*;*;*;*;*;*;*;*;parents;*;*;*;no;*;no;*;*;*;yes;yes;*;*;*;*;*;*;*;*;*;12
GP;*;*;*;*;*;*;*;*;*;*;parents;*;*;*;no;*;no;*;*;*;yes;no;*;*;*;*;*;*;*;*;*;14
GP;*;*;*;*;*;*;*;*;*;*;parents;*;*;*;no;*;no;*;*;*;no;no;*;*;*;*;*;*;*;*;*;11
GP;*;*;*;*;*;*;*;*;*;*;parents;*;*;*;no;*;no;*;*;*;no;no;*;*;*;*;*;*;*;*;*;11
*;*;*;*;*;*;*;*;*;*;*;*;*;*;*;*;*;*;*;*;*;*;*;*;*;*;*;*;*;*;*;*;11
GP;*;*;*;*;*;*;*;*;*;*;parents;*;*;*;no;*;no;*;*;*;yes;yes;*;*;*;*;*;*;*;*;*;15
GP;*;*;*;*;*;*;*;*;*;*;parents;*;*;*;no;*;no;*;*;*;no;no;*;*;*;*;*;*;*;*;*;10
GP;*;*;*;*;*;*;*;*;*;*;parents;*;*;*;no;*;no;*;*;*;no;no;*;*;*;*;*;*;*;*;*;13
GP;*;*;*;*;*;*;*;*;*;*;parents;*;*;*;no;*;no;*;*;*;yes;yes;*;*;*;*;*;*;*;*;*;12
*;*;*;*;*;*;*;*;*;*;*;*;*;*;*;*;*;*;*;*;*;*;*;*;*;*;*;*;*;*;*;*;11
*;*;*;*;*;*;*;*;*;*;*;*;*;*;*;*;*;*;*;*;*;*;*;*;*;*;*;*;*;*;*;*;11
*;*;*;*;*;*;*;*;*;*;*;*;*;*;*;*;*;*;*;*;*;*;*;*;*;*;*;*;*;*;*;*;10
*;*;*;*;*;*;*;*;*;*;*;*;*;*;*;*;*;*;*;*;*;*;*;*;*;*;*;*;*;*;*;*;10
GP;*;*;*;*;*;*;*;*;*;*;parents;*;*;*;no;*;no;*;*;*;yes;no;*;*;*;*;*;*;*;*;*;14
GP;*;*;*;*;*;*;*;*;*;*;parents;*;*;*;no;*;no;*;*;*;yes;yes;*;*;*;*;*;*;*;*;*;9
GP;*;*;*;*;*;*;*;*;*;*;parents;*;*;*;yes;*;no;*;*;*;yes;no;*;*;*;*;*;*;*;*;*;11
*;*;*;*;*;*;*;*;*;*;*;*;*;*;*;*;*;*;*;*;*;*;*;*;*;*;*;*;*;*;*;*;9
GP;*;*;*;*;*;*;*;*;*;*;parents;*;*;*;no;*;no;*;*;*;yes;no;*;*;*;*;*;*;*;*;*;13
GP;*;*;*;*;*;*;*;*;*;*;parents;*;*;*;no;*;no;*;*;*;yes;no;*;*;*;*;*;*;*;*;*;11
GP;*;*;*;*;*;*;*;*;*;*;parents;*;*;*;no;*;no;*;*;*;yes;no;*;*;*;*;*;*;*;*;*;13
GP;*;*;*;*;*;*;*;*;*;*;parents;*;*;*;no;*;no;*;*;*;yes;no;*;*;*;*;*;*;*;*;*;11
GP;*;*;*;*;*;*;*;*;*;*;parents;*;*;*;no;*;no;*;*;*;yes;no;*;*;*;*;*;*;*;*;*;6
GP;*;*;*;*;*;*;*;*;*;*;parents;*;*;*;no;*;no;*;*;*;yes;no;*;*;*;*;*;*;*;*;*;12
GP;*;*;*;*;*;*;*;*;*;*;parents;*;*;*;no;*;no;*;*;*;yes;yes;*;*;*;*;*;*;*;*;*;10
GP;*;*;*;*;*;*;*;*;*;*;parents;*;*;*;no;*;no;*;*;*;yes;no;*;*;*;*;*;*;*;*;*;11
GP;*;*;*;*;*;*;*;*;*;*;parents;*;*;*;no;*;no;*;*;*;yes;no;*;*;*;*;*;*;*;*;*;13
*;*;*;*;*;*;*;*;*;*;*;*;*;*;*;*;*;*;*;*;*;*;*;*;*;*;*;*;*;*;*;*;11
GP;*;*;*;*;*;*;*;*;*;*;parents;*;*;*;no;*;no;*;*;*;yes;yes;*;*;*;*;*;*;*;*;*;8
GP;*;*;*;*;*;*;*;*;*;*;parents;*;*;*;no;*;no;*;*;*;yes;no;*;*;*;*;*;*;*;*;*;11
GP;*;*;*;*;*;*;*;*;*;*;parents;*;*;*;no;*;no;*;*;*;yes;yes;*;*;*;*;*;*;*;*;*;0
*;*;*;*;*;*;*;*;*;*;*;*;*;*;*;*;*;*;*;*;*;*;*;*;*;*;*;*;*;*;*;*;10
*;*;*;*;*;*;*;*;*;*;*;*;*;*;*;*;*;*;*;*;*;*;*;*;*;*;*;*;*;*;*;*;13
GP;*;*;*;*;*;*;*;*;*;*;parents;*;*;*;no;*;no;*;*;*;yes;yes;*;*;*;*;*;*;*;*;*;11
*;*;*;*;*;*;*;*;*;*;*;*;*;*;*;*;*;*;*;*;*;*;*;*;*;*;*;*;*;*;*;*;13
*;*;*;*;*;*;*;*;*;*;*;*;*;*;*;*;*;*;*;*;*;*;*;*;*;*;*;*;*;*;*;*;8
GP;*;*;*;*;*;*;*;*;*;*;parents;*;*;*;no;*;no;*;*;*;no;no;*;*;*;*;*;*;*;*;*;10
GP;*;*;*;*;*;*;*;*;*;*;parents;*;*;*;no;*;no;*;*;*;no;no;*;*;*;*;*;*;*;*;*;11
GP;*;*;*;*;*;*;*;*;*;*;parents;*;*;*;no;*;no;*;*;*;no;no;*;*;*;*;*;*;*;*;*;11
GP;*;*;*;*;*;*;*;*;*;*;parents;*;*;*;no;*;no;*;*;*;yes;yes;*;*;*;*;*;*;*;*;*;1
GP;*;*;*;*;*;*;*;*;*;*;parents;*;*;*;no;*;no;*;*;*;yes;no;*;*;*;*;*;*;*;*;*;10
*;*;*;*;*;*;*;*;*;*;*;*;*;*;*;*;*;*;*;*;*;*;*;*;*;*;*;*;*;*;*;*;9
*;*;*;*;*;*;*;*;*;*;*;*;*;*;*;*;*;*;*;*;*;*;*;*;*;*;*;*;*;*;*;*;8
GP;*;*;*;*;*;*;*;*;*;*;parents;*;*;*;no;*;no;*;*;*;no;no;*;*;*;*;*;*;*;*;*;10
GP;*;*;*;*;*;*;*;*;*;*;parents;*;*;*;no;*;no;*;*;*;yes;no;*;*;*;*;*;*;*;*;*;8
*;*;*;*;*;*;*;*;*;*;*;*;*;*;*;*;*;*;*;*;*;*;*;*;*;*;*;*;*;*;*;*;8
GP;*;*;*;*;*;*;*;*;*;*;parents;*;*;*;no;*;no;*;*;*;no;no;*;*;*;*;*;*;*;*;*;8
GP;*;*;*;*;*;*;*;*;*;*;parents;*;*;*;no;*;no;*;*;*;yes;no;*;*;*;*;*;*;*;*;*;11
GP;*;*;*;*;*;*;*;*;*;*;parents;*;*;*;no;*;no;*;*;*;yes;yes;*;*;*;*;*;*;*;*;*;18
GP;*;*;*;*;*;*;*;*;*;*;parents;*;*;*;no;*;no;*;*;*;yes;no;*;*;*;*;*;*;*;*;*;13
GP;*;*;*;*;*;*;*;*;*;*;parents;*;*;*;no;*;no;*;*;*;yes;yes;*;*;*;*;*;*;*;*;*;17
GP;*;*;*;*;*;*;*;*;*;*;parents;*;*;*;no;*;no;*;*;*;yes;no;*;*;*;*;*;*;*;*;*;10
GP;*;*;*;*;*;*;*;*;*;*;parents;*;*;*;no;*;no;*;*;*;yes;yes;*;*;*;*;*;*;*;*;*;18
GP;*;*;*;*;*;*;*;*;*;*;parents;*;*;*;no;*;no;*;*;*;yes;no;*;*;*;*;*;*;*;*;*;10
GP;*;*;*;*;*;*;*;*;*;*;parents;*;*;*;no;*;no;*;*;*;yes;yes;*;*;*;*;*;*;*;*;*;13
GP;*;*;*;*;*;*;*;*;*;*;parents;*;*;*;no;*;no;*;*;*;yes;no;*;*;*;*;*;*;*;*;*;15
GP;*;*;*;*;*;*;*;*;*;*;parents;*;*;*;no;*;no;*;*;*;yes;no;*;*;*;*;*;*;*;*;*;11
GP;*;*;*;*;*;*;*;*;*;*;parents;*;*;*;no;*;no;*;*;*;yes;no;*;*;*;*;*;*;*;*;*;14
GP;*;*;*;*;*;*;*;*;*;*;parents;*;*;*;no;*;no;*;*;*;yes;no;*;*;*;*;*;*;*;*;*;10
GP;*;*;*;*;*;*;*;*;*;*;parents;*;*;*;no;*;no;*;*;*;yes;yes;*;*;*;*;*;*;*;*;*;11
*;*;*;*;*;*;*;*;*;*;*;*;*;*;*;*;*;*;*;*;*;*;*;*;*;*;*;*;*;*;*;*;13
*;*;*;*;*;*;*;*;*;*;*;*;*;*;*;*;*;*;*;*;*;*;*;*;*;*;*;*;*;*;*;*;11
GP;*;*;*;*;*;*;*;*;*;*;parents;*;*;*;no;*;no;*;*;*;yes;yes;*;*;*;*;*;*;*;*;*;13
GP;*;*;*;*;*;*;*;*;*;*;parents;*;*;*;no;*;no;*;*;*;no;no;*;*;*;*;*;*;*;*;*;17
GP;*;*;*;*;*;*;*;*;*;*;parents;*;*;*;no;*;no;*;*;*;yes;yes;*;*;*;*;*;*;*;*;*;14
GP;*;*;*;*;*;*;*;*;*;*;parents;*;*;*;no;*;no;*;*;*;yes;no;*;*;*;*;*;*;*;*;*;16
GP;*;*;*;*;*;*;*;*;*;*;parents;*;*;*;no;*;no;*;*;*;yes;yes;*;*;*;*;*;*;*;*;*;14
GP;*;*;*;*;*;*;*;*;*;*;parents;*;*;*;no;*;no;*;*;*;yes;yes;*;*;*;*;*;*;*;*;*;11
GP;*;*;*;*;*;*;*;*;*;*;parents;*;*;*;no;*;no;*;*;*;yes;yes;*;*;*;*;*;*;*;*;*;16
GP;*;*;*;*;*;*;*;*;*;*;parents;*;*;*;no;*;no;*;*;*;yes;yes;*;*;*;*;*;*;*;*;*;14
GP;*;*;*;*;*;*;*;*;*;*;parents;*;*;*;no;*;no;*;*;*;no;no;*;*;*;*;*;*;*;*;*;10
GP;*;*;*;*;*;*;*;*;*;*;parents;*;*;*;no;*;no;*;*;*;yes;no;*;*;*;*;*;*;*;*;*;13
GP;*;*;*;*;*;*;*;*;*;*;parents;*;*;*;no;*;no;*;*;*;yes;no;*;*;*;*;*;*;*;*;*;12
*;*;*;*;*;*;*;*;*;*;*;*;*;*;*;*;*;*;*;*;*;*;*;*;*;*;*;*;*;*;*;*;12
GP;*;*;*;*;*;*;*;*;*;*;parents;*;*;*;no;*;no;*;*;*;yes;no;*;*;*;*;*;*;*;*;*;10
GP;*;*;*;*;*;*;*;*;*;*;parents;*;*;*;no;*;no;*;*;*;yes;no;*;*;*;*;*;*;*;*;*;12
GP;*;*;*;*;*;*;*;*;*;*;parents;*;*;*;no;*;no;*;*;*;yes;yes;*;*;*;*;*;*;*;*;*;16
GP;*;*;*;*;*;*;*;*;*;*;parents;*;*;*;no;*;no;*;*;*;yes;no;*;*;*;*;*;*;*;*;*;14
GP;*;*;*;*;*;*;*;*;*;*;parents;*;*;*;no;*;no;*;*;*;yes;no;*;*;*;*;*;*;*;*;*;12
GP;*;*;*;*;*;*;*;*;*;*;parents;*;*;*;no;*;no;*;*;*;yes;no;*;*;*;*;*;*;*;*;*;16
GP;*;*;*;*;*;*;*;*;*;*;parents;*;*;*;no;*;no;*;*;*;yes;no;*;*;*;*;*;*;*;*;*;11
GP;*;*;*;*;*;*;*;*;*;*;parents;*;*;*;no;*;no;*;*;*;yes;no;*;*;*;*;*;*;*;*;*;15
*;*;*;*;*;*;*;*;*;*;*;*;*;*;*;*;*;*;*;*;*;*;*;*;*;*;*;*;*;*;*;*;12
GP;*;*;*;*;*;*;*;*;*;*;parents;*;*;*;no;*;no;*;*;*;no;no;*;*;*;*;*;*;*;*;*;15
GP;*;*;*;*;*;*;*;*;*;*;parents;*;*;*;no;*;no;*;*;*;yes;no;*;*;*;*;*;*;*;*;*;13
GP;*;*;*;*;*;*;*;*;*;*;parents;*;*;*;no;*;no;*;*;*;yes;no;*;*;*;*;*;*;*;*;*;13
*;*;*;*;*;*;*;*;*;*;*;*;*;*;*;*;*;*;*;*;*;*;*;*;*;*;*;*;*;*;*;*;8
GP;*;*;*;*;*;*;*;*;*;*;parents;*;*;*;no;*;no;*;*;*;yes;no;*;*;*;*;*;*;*;*;*;12
GP;*;*;*;*;*;*;*;*;*;*;parents;*;*;*;no;*;no;*;*;*;yes;yes;*;*;*;*;*;*;*;*;*;15
GP;*;*;*;*;*;*;*;*;*;*;parents;*;*;*;no;*;no;*;*;*;no;no;*;*;*;*;*;*;*;*;*;13
GP;*;*;*;*;*;*;*;*;*;*;parents;*;*;*;no;*;no;*;*;*;yes;yes;*;*;*;*;*;*;*;*;*;12
*;*;*;*;*;*;*;*;*;*;*;*;*;*;*;*;*;*;*;*;*;*;*;*;*;*;*;*;*;*;*;*;12
GP;*;*;*;*;*;*;*;*;*;*;parents;*;*;*;no;*;no;*;*;*;yes;yes;*;*;*;*;*;*;*;*;*;12
GP;*;*;*;*;*;*;*;*;*;*;parents;*;*;*;yes;*;no;*;*;*;yes;no;*;*;*;*;*;*;*;*;*;13
GP;*;*;*;*;*;*;*;*;*;*;parents;*;*;*;no;*;no;*;*;*;yes;no;*;*;*;*;*;*;*;*;*;11
GP;*;*;*;*;*;*;*;*;*;*;parents;*;*;*;no;*;no;*;*;*;no;no;*;*;*;*;*;*;*;*;*;11
GP;*;*;*;*;*;*;*;*;*;*;parents;*;*;*;no;*;no;*;*;*;yes;no;*;*;*;*;*;*;*;*;*;15
GP;*;*;*;*;*;*;*;*;*;*;parents;*;*;*;no;*;no;*;*;*;yes;yes;*;*;*;*;*;*;*;*;*;10
GP;*;*;*;*;*;*;*;*;*;*;parents;*;*;*;no;*;no;*;*;*;yes;no;*;*;*;*;*;*;*;*;*;10
GP;*;*;*;*;*;*;*;*;*;*;parents;*;*;*;no;*;no;*;*;*;no;no;*;*;*;*;*;*;*;*;*;13
GP;*;*;*;*;*;*;*;*;*;*;parents;*;*;*;no;*;no;*;*;*;yes;no;*;*;*;*;*;*;*;*;*;13
GP;*;*;*;*;*;*;*;*;*;*;parents;*;*;*;no;*;no;*;*;*;yes;no;*;*;*;*;*;*;*;*;*;11
*;*;*;*;*;*;*;*;*;*;*;*;*;*;*;*;*;*;*;*;*;*;*;*;*;*;*;*;*;*;*;*;12
GP;*;*;*;*;*;*;*;*;*;*;parents;*;*;*;yes;*;no;*;*;*;yes;no;*;*;*;*;*;*;*;*;*;14
*;*;*;*;*;*;*;*;*;*;*;*;*;*;*;*;*;*;*;*;*;*;*;*;*;*;*;*;*;*;*;*;10
GP;*;*;*;*;*;*;*;*;*;*;parents;*;*;*;no;*;no;*;*;*;yes;no;*;*;*;*;*;*;*;*;*;16
GP;*;*;*;*;*;*;*;*;*;*;parents;*;*;*;no;*;no;*;*;*;yes;yes;*;*;*;*;*;*;*;*;*;8
GP;*;*;*;*;*;*;*;*;*;*;parents;*;*;*;no;*;no;*;*;*;yes;no;*;*;*;*;*;*;*;*;*;17
GP;*;*;*;*;*;*;*;*;*;*;parents;*;*;*;no;*;no;*;*;*;yes;no;*;*;*;*;*;*;*;*;*;11
*;*;*;*;*;*;*;*;*;*;*;*;*;*;*;*;*;*;*;*;*;*;*;*;*;*;*;*;*;*;*;*;11
GP;*;*;*;*;*;*;*;*;*;*;parents;*;*;*;no;*;no;*;*;*;yes;yes;*;*;*;*;*;*;*;*;*;16
GP;*;*;*;*;*;*;*;*;*;*;parents;*;*;*;no;*;no;*;*;*;yes;yes;*;*;*;*;*;*;*;*;*;12
GP;*;*;*;*;*;*;*;*;*;*;parents;*;*;*;no;*;no;*;*;*;yes;no;*;*;*;*;*;*;*;*;*;13
*;*;*;*;*;*;*;*;*;*;*;*;*;*;*;*;*;*;*;*;*;*;*;*;*;*;*;*;*;*;*;*;13
GP;*;*;*;*;*;*;*;*;*;*;parents;*;*;*;no;*;no;*;*;*;yes;no;*;*;*;*;*;*;*;*;*;14
GP;*;*;*;*;*;*;*;*;*;*;parents;*;*;*;no;*;no;*;*;*;yes;no;*;*;*;*;*;*;*;*;*;9
GP;*;*;*;*;*;*;*;*;*;*;parents;*;*;*;no;*;no;*;*;*;yes;yes;*;*;*;*;*;*;*;*;*;12
GP;*;*;*;*;*;*;*;*;*;*;parents;*;*;*;no;*;no;*;*;*;yes;yes;*;*;*;*;*;*;*;*;*;16
GP;*;*;*;*;*;*;*;*;*;*;parents;*;*;*;no;*;no;*;*;*;yes;yes;*;*;*;*;*;*;*;*;*;10
GP;*;*;*;*;*;*;*;*;*;*;parents;*;*;*;no;*;no;*;*;*;yes;yes;*;*;*;*;*;*;*;*;*;13
GP;*;*;*;*;*;*;*;*;*;*;parents;*;*;*;no;*;no;*;*;*;yes;no;*;*;*;*;*;*;*;*;*;10
GP;*;*;*;*;*;*;*;*;*;*;parents;*;*;*;no;*;no;*;*;*;yes;yes;*;*;*;*;*;*;*;*;*;10
GP;*;*;*;*;*;*;*;*;*;*;parents;*;*;*;no;*;no;*;*;*;yes;no;*;*;*;*;*;*;*;*;*;7
*;*;*;*;*;*;*;*;*;*;*;*;*;*;*;*;*;*;*;*;*;*;*;*;*;*;*;*;*;*;*;*;8
GP;*;*;*;*;*;*;*;*;*;*;parents;*;*;*;no;*;no;*;*;*;yes;no;*;*;*;*;*;*;*;*;*;9
GP;*;*;*;*;*;*;*;*;*;*;parents;*;*;*;no;*;no;*;*;*;no;no;*;*;*;*;*;*;*;*;*;15
GP;*;*;*;*;*;*;*;*;*;*;parents;*;*;*;no;*;no;*;*;*;yes;yes;*;*;*;*;*;*;*;*;*;10
GP;*;*;*;*;*;*;*;*;*;*;parents;*;*;*;no;*;no;*;*;*;yes;no;*;*;*;*;*;*;*;*;*;11
GP;*;*;*;*;*;*;*;*;*;*;parents;*;*;*;no;*;no;*;*;*;no;no;*;*;*;*;*;*;*;*;*;13
*;*;*;*;*;*;*;*;*;*;*;*;*;*;*;*;*;*;*;*;*;*;*;*;*;*;*;*;*;*;*;*;8
GP;*;*;*;*;*;*;*;*;*;*;parents;*;*;*;no;*;no;*;*;*;yes;no;*;*;*;*;*;*;*;*;*;8
GP;*;*;*;*;*;*;*;*;*;*;parents;*;*;*;no;*;no;*;*;*;yes;no;*;*;*;*;*;*;*;*;*;10
GP;*;*;*;*;*;*;*;*;*;*;parents;*;*;*;no;*;no;*;*;*;yes;no;*;*;*;*;*;*;*;*;*;15
GP;*;*;*;*;*;*;*;*;*;*;parents;*;*;*;no;*;no;*;*;*;no;no;*;*;*;*;*;*;*;*;*;14
GP;*;*;*;*;*;*;*;*;*;*;parents;*;*;*;no;*;no;*;*;*;yes;yes;*;*;*;*;*;*;*;*;*;15
GP;*;*;*;*;*;*;*;*;*;*;parents;*;*;*;no;*;no;*;*;*;yes;no;*;*;*;*;*;*;*;*;*;12
GP;*;*;*;*;*;*;*;*;*;*;parents;*;*;*;no;*;no;*;*;*;yes;no;*;*;*;*;*;*;*;*;*;15
*;*;*;*;*;*;*;*;*;*;*;*;*;*;*;*;*;*;*;*;*;*;*;*;*;*;*;*;*;*;*;*;15
*;*;*;*;*;*;*;*;*;*;*;*;*;*;*;*;*;*;*;*;*;*;*;*;*;*;*;*;*;*;*;*;12
GP;*;*;*;*;*;*;*;*;*;*;parents;*;*;*;no;*;no;*;*;*;yes;yes;*;*;*;*;*;*;*;*;*;15
GP;*;*;*;*;*;*;*;*;*;*;parents;*;*;*;no;*;no;*;*;*;yes;yes;*;*;*;*;*;*;*;*;*;11
*;*;*;*;*;*;*;*;*;*;*;*;*;*;*;*;*;*;*;*;*;*;*;*;*;*;*;*;*;*;*;*;10
*;*;*;*;*;*;*;*;*;*;*;*;*;*;*;*;*;*;*;*;*;*;*;*;*;*;*;*;*;*;*;*;11
GP;*;*;*;*;*;*;*;*;*;*;parents;*;*;*;no;*;no;*;*;*;yes;no;*;*;*;*;*;*;*;*;*;16
GP;*;*;*;*;*;*;*;*;*;*;parents;*;*;*;no;*;no;*;*;*;no;no;*;*;*;*;*;*;*;*;*;11
GP;*;*;*;*;*;*;*;*;*;*;parents;*;*;*;no;*;no;*;*;*;yes;no;*;*;*;*;*;*;*;*;*;13
GP;*;*;*;*;*;*;*;*;*;*;parents;*;*;*;no;*;no;*;*;*;yes;yes;*;*;*;*;*;*;*;*;*;5
GP;*;*;*;*;*;*;*;*;*;*;parents;*;*;*;no;*;no;*;*;*;yes;yes;*;*;*;*;*;*;*;*;*;10
GP;*;*;*;*;*;*;*;*;*;*;parents;*;*;*;no;*;no;*;*;*;yes;no;*;*;*;*;*;*;*;*;*;11
GP;*;*;*;*;*;*;*;*;*;*;parents;*;*;*;no;*;no;*;*;*;yes;no;*;*;*;*;*;*;*;*;*;7
*;*;*;*;*;*;*;*;*;*;*;*;*;*;*;*;*;*;*;*;*;*;*;*;*;*;*;*;*;*;*;*;10
GP;*;*;*;*;*;*;*;*;*;*;parents;*;*;*;no;*;no;*;*;*;yes;no;*;*;*;*;*;*;*;*;*;6
GP;*;*;*;*;*;*;*;*;*;*;parents;*;*;*;no;*;no;*;*;*;no;no;*;*;*;*;*;*;*;*;*;12
GP;*;*;*;*;*;*;*;*;*;*;parents;*;*;*;no;*;no;*;*;*;yes;no;*;*;*;*;*;*;*;*;*;13
GP;*;*;*;*;*;*;*;*;*;*;parents;*;*;*;no;*;no;*;*;*;yes;no;*;*;*;*;*;*;*;*;*;10
GP;*;*;*;*;*;*;*;*;*;*;parents;*;*;*;no;*;no;*;*;*;yes;yes;*;*;*;*;*;*;*;*;*;13
GP;*;*;*;*;*;*;*;*;*;*;parents;*;*;*;no;*;no;*;*;*;yes;no;*;*;*;*;*;*;*;*;*;17
GP;*;*;*;*;*;*;*;*;*;*;parents;*;*;*;no;*;no;*;*;*;yes;no;*;*;*;*;*;*;*;*;*;11
GP;*;*;*;*;*;*;*;*;*;*;parents;*;*;*;no;*;no;*;*;*;yes;no;*;*;*;*;*;*;*;*;*;11
GP;*;*;*;*;*;*;*;*;*;*;parents;*;*;*;no;*;no;*;*;*;yes;no;*;*;*;*;*;*;*;*;*;14
GP;*;*;*;*;*;*;*;*;*;*;parents;*;*;*;no;*;no;*;*;*;no;no;*;*;*;*;*;*;*;*;*;14
*;*;*;*;*;*;*;*;*;*;*;*;*;*;*;*;*;*;*;*;*;*;*;*;*;*;*;*;*;*;*;*;13
GP;*;*;*;*;*;*;*;*;*;*;parents;*;*;*;no;*;no;*;*;*;yes;no;*;*;*;*;*;*;*;*;*;14
GP;*;*;*;*;*;*;*;*;*;*;parents;*;*;*;no;*;no;*;*;*;yes;no;*;*;*;*;*;*;*;*;*;16
GP;*;*;*;*;*;*;*;*;*;*;parents;*;*;*;no;*;no;*;*;*;no;no;*;*;*;*;*;*;*;*;*;10
GP;*;*;*;*;*;*;*;*;*;*;parents;*;*;*;no;*;no;*;*;*;yes;yes;*;*;*;*;*;*;*;*;*;12
*;*;*;*;*;*;*;*;*;*;*;*;*;*;*;*;*;*;*;*;*;*;*;*;*;*;*;*;*;*;*;*;12
GP;*;*;*;*;*;*;*;*;*;*;parents;*;*;*;no;*;no;*;*;*;yes;yes;*;*;*;*;*;*;*;*;*;15
GP;*;*;*;*;*;*;*;*;*;*;parents;*;*;*;no;*;no;*;*;*;yes;no;*;*;*;*;*;*;*;*;*;11
GP;*;*;*;*;*;*;*;*;*;*;parents;*;*;*;no;*;no;*;*;*;no;no;*;*;*;*;*;*;*;*;*;12
GP;*;*;*;*;*;*;*;*;*;*;parents;*;*;*;no;*;no;*;*;*;no;no;*;*;*;*;*;*;*;*;*;13
GP;*;*;*;*;*;*;*;*;*;*;parents;*;*;*;no;*;no;*;*;*;yes;yes;*;*;*;*;*;*;*;*;*;13
GP;*;*;*;*;*;*;*;*;*;*;parents;*;*;*;no;*;no;*;*;*;yes;no;*;*;*;*;*;*;*;*;*;9
GP;*;*;*;*;*;*;*;*;*;*;parents;*;*;*;no;*;no;*;*;*;yes;no;*;*;*;*;*;*;*;*;*;16
GP;*;*;*;*;*;*;*;*;*;*;parents;*;*;*;no;*;no;*;*;*;yes;yes;*;*;*;*;*;*;*;*;*;14
GP;*;*;*;*;*;*;*;*;*;*;parents;*;*;*;no;*;no;*;*;*;yes;no;*;*;*;*;*;*;*;*;*;12
GP;*;*;*;*;*;*;*;*;*;*;parents;*;*;*;no;*;no;*;*;*;yes;yes;*;*;*;*;*;*;*;*;*;14
GP;*;*;*;*;*;*;*;*;*;*;parents;*;*;*;no;*;no;*;*;*;yes;yes;*;*;*;*;*;*;*;*;*;10
*;*;*;*;*;*;*;*;*;*;*;*;*;*;*;*;*;*;*;*;*;*;*;*;*;*;*;*;*;*;*;*;12
GP;*;*;*;*;*;*;*;*;*;*;parents;*;*;*;no;*;no;*;*;*;yes;yes;*;*;*;*;*;*;*;*;*;16
GP;*;*;*;*;*;*;*;*;*;*;parents;*;*;*;no;*;no;*;*;*;no;no;*;*;*;*;*;*;*;*;*;13
*;*;*;*;*;*;*;*;*;*;*;*;*;*;*;*;*;*;*;*;*;*;*;*;*;*;*;*;*;*;*;*;18
GP;*;*;*;*;*;*;*;*;*;*;parents;*;*;*;no;*;no;*;*;*;yes;yes;*;*;*;*;*;*;*;*;*;15
GP;*;*;*;*;*;*;*;*;*;*;parents;*;*;*;no;*;no;*;*;*;yes;yes;*;*;*;*;*;*;*;*;*;16
*;*;*;*;*;*;*;*;*;*;*;*;*;*;*;*;*;*;*;*;*;*;*;*;*;*;*;*;*;*;*;*;12
GP;*;*;*;*;*;*;*;*;*;*;parents;*;*;*;no;*;no;*;*;*;yes;yes;*;*;*;*;*;*;*;*;*;10
GP;*;*;*;*;*;*;*;*;*;*;parents;*;*;*;no;*;no;*;*;*;yes;no;*;*;*;*;*;*;*;*;*;12
*;*;*;*;*;*;*;*;*;*;*;*;*;*;*;*;*;*;*;*;*;*;*;*;*;*;*;*;*;*;*;*;13
GP;*;*;*;*;*;*;*;*;*;*;parents;*;*;*;no;*;no;*;*;*;yes;yes;*;*;*;*;*;*;*;*;*;15
GP;*;*;*;*;*;*;*;*;*;*;parents;*;*;*;yes;*;no;*;*;*;yes;no;*;*;*;*;*;*;*;*;*;10
GP;*;*;*;*;*;*;*;*;*;*;parents;*;*;*;no;*;no;*;*;*;yes;no;*;*;*;*;*;*;*;*;*;10
*;*;*;*;*;*;*;*;*;*;*;*;*;*;*;*;*;*;*;*;*;*;*;*;*;*;*;*;*;*;*;*;11
GP;*;*;*;*;*;*;*;*;*;*;parents;*;*;*;no;*;no;*;*;*;yes;yes;*;*;*;*;*;*;*;*;*;10
GP;*;*;*;*;*;*;*;*;*;*;parents;*;*;*;no;*;no;*;*;*;yes;no;*;*;*;*;*;*;*;*;*;13
GP;*;*;*;*;*;*;*;*;*;*;parents;*;*;*;no;*;no;*;*;*;no;no;*;*;*;*;*;*;*;*;*;18
GP;*;*;*;*;*;*;*;*;*;*;parents;*;*;*;yes;*;no;*;*;*;yes;no;*;*;*;*;*;*;*;*;*;13
GP;*;*;*;*;*;*;*;*;*;*;parents;*;*;*;no;*;no;*;*;*;yes;no;*;*;*;*;*;*;*;*;*;14
GP;*;*;*;*;*;*;*;*;*;*;parents;*;*;*;no;*;no;*;*;*;yes;yes;*;*;*;*;*;*;*;*;*;14
GP;*;*;*;*;*;*;*;*;*;*;parents;*;*;*;no;*;no;*;*;*;yes;no;*;*;*;*;*;*;*;*;*;12
GP;*;*;*;*;*;*;*;*;*;*;parents;*;*;*;no;*;no;*;*;*;yes;no;*;*;*;*;*;*;*;*;*;18
GP;*;*;*;*;*;*;*;*;*;*;parents;*;*;*;no;*;no;*;*;*;yes;no;*;*;*;*;*;*;*;*;*;14
GP;*;*;*;*;*;*;*;*;*;*;parents;*;*;*;no;*;no;*;*;*;yes;no;*;*;*;*;*;*;*;*;*;15
GP;*;*;*;*;*;*;*;*;*;*;parents;*;*;*;no;*;no;*;*;*;yes;no;*;*;*;*;*;*;*;*;*;17
GP;*;*;*;*;*;*;*;*;*;*;parents;*;*;*;no;*;no;*;*;*;yes;yes;*;*;*;*;*;*;*;*;*;16
GP;*;*;*;*;*;*;*;*;*;*;parents;*;*;*;no;*;no;*;*;*;yes;no;*;*;*;*;*;*;*;*;*;18
GP;*;*;*;*;*;*;*;*;*;*;parents;*;*;*;no;*;no;*;*;*;no;no;*;*;*;*;*;*;*;*;*;19
GP;*;*;*;*;*;*;*;*;*;*;parents;*;*;*;no;*;no;*;*;*;yes;no;*;*;*;*;*;*;*;*;*;15
GP;*;*;*;*;*;*;*;*;*;*;parents;*;*;*;no;*;no;*;*;*;yes;no;*;*;*;*;*;*;*;*;*;15
*;*;*;*;*;*;*;*;*;*;*;*;*;*;*;*;*;*;*;*;*;*;*;*;*;*;*;*;*;*;*;*;13
*;*;*;*;*;*;*;*;*;*;*;*;*;*;*;*;*;*;*;*;*;*;*;*;*;*;*;*;*;*;*;*;14
GP;*;*;*;*;*;*;*;*;*;*;parents;*;*;*;no;*;no;*;*;*;yes;no;*;*;*;*;*;*;*;*;*;17
GP;*;*;*;*;*;*;*;*;*;*;parents;*;*;*;no;*;no;*;*;*;yes;yes;*;*;*;*;*;*;*;*;*;17
*;*;*;*;*;*;*;*;*;*;*;*;*;*;*;*;*;*;*;*;*;*;*;*;*;*;*;*;*;*;*;*;15
GP;*;*;*;*;*;*;*;*;*;*;parents;*;*;*;no;*;no;*;*;*;yes;no;*;*;*;*;*;*;*;*;*;13
GP;*;*;*;*;*;*;*;*;*;*;parents;*;*;*;no;*;no;*;*;*;yes;no;*;*;*;*;*;*;*;*;*;8
GP;*;*;*;*;*;*;*;*;*;*;parents;*;*;*;no;*;no;*;*;*;yes;no;*;*;*;*;*;*;*;*;*;16
GP;*;*;*;*;*;*;*;*;*;*;parents;*;*;*;no;*;no;*;*;*;yes;no;*;*;*;*;*;*;*;*;*;18
GP;*;*;*;*;*;*;*;*;*;*;parents;*;*;*;no;*;no;*;*;*;yes;yes;*;*;*;*;*;*;*;*;*;11
*;*;*;*;*;*;*;*;*;*;*;*;*;*;*;*;*;*;*;*;*;*;*;*;*;*;*;*;*;*;*;*;15
*;*;*;*;*;*;*;*;*;*;*;*;*;*;*;*;*;*;*;*;*;*;*;*;*;*;*;*;*;*;*;*;11
*;*;*;*;*;*;*;*;*;*;*;*;*;*;*;*;*;*;*;*;*;*;*;*;*;*;*;*;*;*;*;*;11
GP;*;*;*;*;*;*;*;*;*;*;parents;*;*;*;no;*;no;*;*;*;yes;no;*;*;*;*;*;*;*;*;*;15
GP;*;*;*;*;*;*;*;*;*;*;parents;*;*;*;no;*;no;*;*;*;yes;yes;*;*;*;*;*;*;*;*;*;14
GP;*;*;*;*;*;*;*;*;*;*;parents;*;*;*;no;*;no;*;*;*;yes;no;*;*;*;*;*;*;*;*;*;17
GP;*;*;*;*;*;*;*;*;*;*;parents;*;*;*;no;*;no;*;*;*;yes;yes;*;*;*;*;*;*;*;*;*;17
GP;*;*;*;*;*;*;*;*;*;*;parents;*;*;*;no;*;no;*;*;*;yes;no;*;*;*;*;*;*;*;*;*;15
GP;*;*;*;*;*;*;*;*;*;*;parents;*;*;*;no;*;no;*;*;*;yes;no;*;*;*;*;*;*;*;*;*;17
GP;*;*;*;*;*;*;*;*;*;*;parents;*;*;*;no;*;no;*;*;*;yes;no;*;*;*;*;*;*;*;*;*;14
GP;*;*;*;*;*;*;*;*;*;*;parents;*;*;*;no;*;no;*;*;*;yes;yes;*;*;*;*;*;*;*;*;*;10
GP;*;*;*;*;*;*;*;*;*;*;parents;*;*;*;no;*;no;*;*;*;yes;no;*;*;*;*;*;*;*;*;*;13
GP;*;*;*;*;*;*;*;*;*;*;parents;*;*;*;no;*;no;*;*;*;yes;yes;*;*;*;*;*;*;*;*;*;14
GP;*;*;*;*;*;*;*;*;*;*;parents;*;*;*;no;*;no;*;*;*;yes;no;*;*;*;*;*;*;*;*;*;17
GP;*;*;*;*;*;*;*;*;*;*;parents;*;*;*;no;*;no;*;*;*;yes;yes;*;*;*;*;*;*;*;*;*;17
GP;*;*;*;*;*;*;*;*;*;*;parents;*;*;*;yes;*;no;*;*;*;yes;no;*;*;*;*;*;*;*;*;*;13
GP;*;*;*;*;*;*;*;*;*;*;parents;*;*;*;no;*;no;*;*;*;yes;no;*;*;*;*;*;*;*;*;*;14
GP;*;*;*;*;*;*;*;*;*;*;parents;*;*;*;no;*;no;*;*;*;yes;no;*;*;*;*;*;*;*;*;*;11
*;*;*;*;*;*;*;*;*;*;*;*;*;*;*;*;*;*;*;*;*;*;*;*;*;*;*;*;*;*;*;*;11
*;*;*;*;*;*;*;*;*;*;*;*;*;*;*;*;*;*;*;*;*;*;*;*;*;*;*;*;*;*;*;*;9
GP;*;*;*;*;*;*;*;*;*;*;parents;*;*;*;no;*;no;*;*;*;yes;yes;*;*;*;*;*;*;*;*;*;10
*;*;*;*;*;*;*;*;*;*;*;*;*;*;*;*;*;*;*;*;*;*;*;*;*;*;*;*;*;*;*;*;13
GP;*;*;*;*;*;*;*;*;*;*;parents;*;*;*;no;*;no;*;*;*;yes;no;*;*;*;*;*;*;*;*;*;10
GP;*;*;*;*;*;*;*;*;*;*;parents;*;*;*;no;*;no;*;*;*;yes;no;*;*;*;*;*;*;*;*;*;17
GP;*;*;*;*;*;*;*;*;*;*;parents;*;*;*;no;*;no;*;*;*;yes;no;*;*;*;*;*;*;*;*;*;15
GP;*;*;*;*;*;*;*;*;*;*;parents;*;*;*;no;*;no;*;*;*;yes;no;*;*;*;*;*;*;*;*;*;14
GP;*;*;*;*;*;*;*;*;*;*;parents;*;*;*;no;*;no;*;*;*;yes;no;*;*;*;*;*;*;*;*;*;13
GP;*;*;*;*;*;*;*;*;*;*;parents;*;*;*;no;*;no;*;*;*;yes;no;*;*;*;*;*;*;*;*;*;17
GP;*;*;*;*;*;*;*;*;*;*;parents;*;*;*;no;*;no;*;*;*;yes;no;*;*;*;*;*;*;*;*;*;10
GP;*;*;*;*;*;*;*;*;*;*;parents;*;*;*;no;*;no;*;*;*;yes;no;*;*;*;*;*;*;*;*;*;13
GP;*;*;*;*;*;*;*;*;*;*;parents;*;*;*;no;*;no;*;*;*;yes;yes;*;*;*;*;*;*;*;*;*;15
*;*;*;*;*;*;*;*;*;*;*;*;*;*;*;*;*;*;*;*;*;*;*;*;*;*;*;*;*;*;*;*;11
*;*;*;*;*;*;*;*;*;*;*;*;*;*;*;*;*;*;*;*;*;*;*;*;*;*;*;*;*;*;*;*;12
*;*;*;*;*;*;*;*;*;*;*;*;*;*;*;*;*;*;*;*;*;*;*;*;*;*;*;*;*;*;*;*;10
*;*;*;*;*;*;*;*;*;*;*;*;*;*;*;*;*;*;*;*;*;*;*;*;*;*;*;*;*;*;*;*;10
GP;*;*;*;*;*;*;*;*;*;*;parents;*;*;*;no;*;no;*;*;*;yes;yes;*;*;*;*;*;*;*;*;*;15
GP;*;*;*;*;*;*;*;*;*;*;parents;*;*;*;no;*;no;*;*;*;yes;no;*;*;*;*;*;*;*;*;*;15
GP;*;*;*;*;*;*;*;*;*;*;parents;*;*;*;no;*;no;*;*;*;yes;no;*;*;*;*;*;*;*;*;*;12
*;*;*;*;*;*;*;*;*;*;*;*;*;*;*;*;*;*;*;*;*;*;*;*;*;*;*;*;*;*;*;*;12
GP;*;*;*;*;*;*;*;*;*;*;parents;*;*;*;no;*;no;*;*;*;no;no;*;*;*;*;*;*;*;*;*;14
GP;*;*;*;*;*;*;*;*;*;*;parents;*;*;*;no;*;no;*;*;*;yes;no;*;*;*;*;*;*;*;*;*;14
GP;*;*;*;*;*;*;*;*;*;*;parents;*;*;*;no;*;no;*;*;*;yes;yes;*;*;*;*;*;*;*;*;*;15
GP;*;*;*;*;*;*;*;*;*;*;parents;*;*;*;no;*;no;*;*;*;yes;no;*;*;*;*;*;*;*;*;*;15
GP;*;*;*;*;*;*;*;*;*;*;parents;*;*;*;no;*;no;*;*;*;yes;no;*;*;*;*;*;*;*;*;*;16
GP;*;*;*;*;*;*;*;*;*;*;parents;*;*;*;no;*;no;*;*;*;yes;no;*;*;*;*;*;*;*;*;*;13
GP;*;*;*;*;*;*;*;*;*;*;parents;*;*;*;no;*;no;*;*;*;yes;yes;*;*;*;*;*;*;*;*;*;17
GP;*;*;*;*;*;*;*;*;*;*;parents;*;*;*;no;*;no;*;*;*;yes;yes;*;*;*;*;*;*;*;*;*;14
GP;*;*;*;*;*;*;*;*;*;*;parents;*;*;*;no;*;no;*;*;*;yes;no;*;*;*;*;*;*;*;*;*;14
GP;*;*;*;*;*;*;*;*;*;*;parents;*;*;*;no;*;no;*;*;*;yes;yes;*;*;*;*;*;*;*;*;*;17
GP;*;*;*;*;*;*;*;*;*;*;parents;*;*;*;no;*;no;*;*;*;yes;yes;*;*;*;*;*;*;*;*;*;17
GP;*;*;*;*;*;*;*;*;*;*;parents;*;*;*;no;*;no;*;*;*;yes;yes;*;*;*;*;*;*;*;*;*;14
GP;*;*;*;*;*;*;*;*;*;*;parents;*;*;*;no;*;no;*;*;*;yes;yes;*;*;*;*;*;*;*;*;*;13
GP;*;*;*;*;*;*;*;*;*;*;parents;*;*;*;no;*;no;*;*;*;yes;yes;*;*;*;*;*;*;*;*;*;15
GP;*;*;*;*;*;*;*;*;*;*;parents;*;*;*;no;*;no;*;*;*;yes;no;*;*;*;*;*;*;*;*;*;16
*;*;*;*;*;*;*;*;*;*;*;*;*;*;*;*;*;*;*;*;*;*;*;*;*;*;*;*;*;*;*;*;11
*;*;*;*;*;*;*;*;*;*;*;*;*;*;*;*;*;*;*;*;*;*;*;*;*;*;*;*;*;*;*;*;13
*;*;*;*;*;*;*;*;*;*;*;*;*;*;*;*;*;*;*;*;*;*;*;*;*;*;*;*;*;*;*;*;12
GP;*;*;*;*;*;*;*;*;*;*;parents;*;*;*;no;*;no;*;*;*;yes;no;*;*;*;*;*;*;*;*;*;12
*;*;*;*;*;*;*;*;*;*;*;*;*;*;*;*;*;*;*;*;*;*;*;*;*;*;*;*;*;*;*;*;15
GP;*;*;*;*;*;*;*;*;*;*;parents;*;*;*;no;*;no;*;*;*;yes;no;*;*;*;*;*;*;*;*;*;17
GP;*;*;*;*;*;*;*;*;*;*;parents;*;*;*;no;*;no;*;*;*;yes;no;*;*;*;*;*;*;*;*;*;15
GP;*;*;*;*;*;*;*;*;*;*;parents;*;*;*;no;*;no;*;*;*;yes;no;*;*;*;*;*;*;*;*;*;17
*;*;*;*;*;*;*;*;*;*;*;*;*;*;*;*;*;*;*;*;*;*;*;*;*;*;*;*;*;*;*;*;10
*;*;*;*;*;*;*;*;*;*;*;*;*;*;*;*;*;*;*;*;*;*;*;*;*;*;*;*;*;*;*;*;15
*;*;*;*;*;*;*;*;*;*;*;*;*;*;*;*;*;*;*;*;*;*;*;*;*;*;*;*;*;*;*;*;11
GP;*;*;*;*;*;*;*;*;*;*;parents;*;*;*;no;*;no;*;*;*;yes;no;*;*;*;*;*;*;*;*;*;18
GP;*;*;*;*;*;*;*;*;*;*;parents;*;*;*;no;*;no;*;*;*;yes;yes;*;*;*;*;*;*;*;*;*;17
GP;*;*;*;*;*;*;*;*;*;*;parents;*;*;*;no;*;no;*;*;*;yes;no;*;*;*;*;*;*;*;*;*;14
GP;*;*;*;*;*;*;*;*;*;*;parents;*;*;*;no;*;no;*;*;*;yes;no;*;*;*;*;*;*;*;*;*;11
GP;*;*;*;*;*;*;*;*;*;*;parents;*;*;*;no;*;no;*;*;*;yes;no;*;*;*;*;*;*;*;*;*;17
*;*;*;*;*;*;*;*;*;*;*;*;*;*;*;*;*;*;*;*;*;*;*;*;*;*;*;*;*;*;*;*;10
GP;*;*;*;*;*;*;*;*;*;*;parents;*;*;*;no;*;no;*;*;*;yes;yes;*;*;*;*;*;*;*;*;*;13
MS;*;*;*;*;*;*;*;*;*;*;parents;*;*;*;no;*;no;*;*;*;yes;yes;*;*;*;*;*;*;*;*;*;11
MS;*;*;*;*;*;*;*;*;*;*;parents;*;*;*;no;*;no;*;*;*;yes;no;*;*;*;*;*;*;*;*;*;12
MS;*;*;*;*;*;*;*;*;*;*;parents;*;*;*;no;*;no;*;*;*;no;yes;*;*;*;*;*;*;*;*;*;10
MS;*;*;*;*;*;*;*;*;*;*;parents;*;*;*;no;*;no;*;*;*;yes;no;*;*;*;*;*;*;*;*;*;11
MS;*;*;*;*;*;*;*;*;*;*;parents;*;*;*;no;*;no;*;*;*;no;no;*;*;*;*;*;*;*;*;*;17
MS;*;*;*;*;*;*;*;*;*;*;parents;*;*;*;no;*;no;*;*;*;no;no;*;*;*;*;*;*;*;*;*;9
MS;*;*;*;*;*;*;*;*;*;*;parents;*;*;*;no;*;no;*;*;*;no;no;*;*;*;*;*;*;*;*;*;11
*;*;*;*;*;*;*;*;*;*;*;*;*;*;*;*;*;*;*;*;*;*;*;*;*;*;*;*;*;*;*;*;11
MS;*;*;*;*;*;*;*;*;*;*;parents;*;*;*;no;*;no;*;*;*;no;yes;*;*;*;*;*;*;*;*;*;10
MS;*;*;*;*;*;*;*;*;*;*;parents;*;*;*;no;*;no;*;*;*;yes;no;*;*;*;*;*;*;*;*;*;7
MS;*;*;*;*;*;*;*;*;*;*;parents;*;*;*;no;*;no;*;*;*;yes;yes;*;*;*;*;*;*;*;*;*;14
MS;*;*;*;*;*;*;*;*;*;*;parents;*;*;*;no;*;no;*;*;*;no;yes;*;*;*;*;*;*;*;*;*;11
MS;*;*;*;*;*;*;*;*;*;*;parents;*;*;*;no;*;no;*;*;*;yes;no;*;*;*;*;*;*;*;*;*;10
MS;*;*;*;*;*;*;*;*;*;*;parents;*;*;*;no;*;no;*;*;*;yes;yes;*;*;*;*;*;*;*;*;*;8
MS;*;*;*;*;*;*;*;*;*;*;parents;*;*;*;no;*;no;*;*;*;no;no;*;*;*;*;*;*;*;*;*;12
MS;*;*;*;*;*;*;*;*;*;*;parents;*;*;*;no;*;no;*;*;*;yes;no;*;*;*;*;*;*;*;*;*;12
MS;*;*;*;*;*;*;*;*;*;*;parents;*;*;*;no;*;no;*;*;*;yes;no;*;*;*;*;*;*;*;*;*;16
MS;*;*;*;*;*;*;*;*;*;*;parents;*;*;*;no;*;no;*;*;*;no;yes;*;*;*;*;*;*;*;*;*;0
*;*;*;*;*;*;*;*;*;*;*;*;*;*;*;*;*;*;*;*;*;*;*;*;*;*;*;*;*;*;*;*;9
MS;*;*;*;*;*;*;*;*;*;*;parents;*;*;*;no;*;no;*;*;*;yes;no;*;*;*;*;*;*;*;*;*;14
MS;*;*;*;*;*;*;*;*;*;*;parents;*;*;*;no;*;no;*;*;*;yes;no;*;*;*;*;*;*;*;*;*;8
MS;*;*;*;*;*;*;*;*;*;*;parents;*;*;*;no;*;no;*;*;*;no;no;*;*;*;*;*;*;*;*;*;11
MS;*;*;*;*;*;*;*;*;*;*;parents;*;*;*;no;*;no;*;*;*;no;yes;*;*;*;*;*;*;*;*;*;9
MS;*;*;*;*;*;*;*;*;*;*;parents;*;*;*;no;*;no;*;*;*;yes;no;*;*;*;*;*;*;*;*;*;11
MS;*;*;*;*;*;*;*;*;*;*;parents;*;*;*;no;*;no;*;*;*;no;yes;*;*;*;*;*;*;*;*;*;9
MS;*;*;*;*;*;*;*;*;*;*;parents;*;*;*;no;*;no;*;*;*;yes;yes;*;*;*;*;*;*;*;*;*;17
MS;*;*;*;*;*;*;*;*;*;*;parents;*;*;*;no;*;no;*;*;*;no;no;*;*;*;*;*;*;*;*;*;13
MS;*;*;*;*;*;*;*;*;*;*;parents;*;*;*;no;*;no;*;*;*;yes;no;*;*;*;*;*;*;*;*;*;15
MS;*;*;*;*;*;*;*;*;*;*;parents;*;*;*;no;*;no;*;*;*;no;no;*;*;*;*;*;*;*;*;*;11
MS;*;*;*;*;*;*;*;*;*;*;parents;*;*;*;no;*;no;*;*;*;yes;no;*;*;*;*;*;*;*;*;*;11
MS;*;*;*;*;*;*;*;*;*;*;parents;*;*;*;no;*;no;*;*;*;no;no;*;*;*;*;*;*;*;*;*;8
MS;*;*;*;*;*;*;*;*;*;*;parents;*;*;*;no;*;no;*;*;*;no;no;*;*;*;*;*;*;*;*;*;8
*;*;*;*;*;*;*;*;*;*;*;*;*;*;*;*;*;*;*;*;*;*;*;*;*;*;*;*;*;*;*;*;9
MS;*;*;*;*;*;*;*;*;*;*;parents;*;*;*;no;*;no;*;*;*;no;yes;*;*;*;*;*;*;*;*;*;15
MS;*;*;*;*;*;*;*;*;*;*;parents;*;*;*;no;*;no;*;*;*;yes;no;*;*;*;*;*;*;*;*;*;11
MS;*;*;*;*;*;*;*;*;*;*;parents;*;*;*;no;*;no;*;*;*;yes;no;*;*;*;*;*;*;*;*;*;13
*;*;*;*;*;*;*;*;*;*;*;*;*;*;*;*;*;*;*;*;*;*;*;*;*;*;*;*;*;*;*;*;10
MS;*;*;*;*;*;*;*;*;*;*;parents;*;*;*;no;*;no;*;*;*;yes;no;*;*;*;*;*;*;*;*;*;11
MS;*;*;*;*;*;*;*;*;*;*;parents;*;*;*;no;*;no;*;*;*;yes;yes;*;*;*;*;*;*;*;*;*;14
MS;*;*;*;*;*;*;*;*;*;*;parents;*;*;*;no;*;no;*;*;*;no;no;*;*;*;*;*;*;*;*;*;14
*;*;*;*;*;*;*;*;*;*;*;*;*;*;*;*;*;*;*;*;*;*;*;*;*;*;*;*;*;*;*;*;12
MS;*;*;*;*;*;*;*;*;*;*;parents;*;*;*;no;*;no;*;*;*;no;no;*;*;*;*;*;*;*;*;*;11
MS;*;*;*;*;*;*;*;*;*;*;parents;*;*;*;no;*;no;*;*;*;yes;yes;*;*;*;*;*;*;*;*;*;8
MS;*;*;*;*;*;*;*;*;*;*;parents;*;*;*;no;*;no;*;*;*;no;no;*;*;*;*;*;*;*;*;*;11
MS;*;*;*;*;*;*;*;*;*;*;parents;*;*;*;no;*;no;*;*;*;yes;no;*;*;*;*;*;*;*;*;*;14
MS;*;*;*;*;*;*;*;*;*;*;parents;*;*;*;no;*;no;*;*;*;no;no;*;*;*;*;*;*;*;*;*;13
MS;*;*;*;*;*;*;*;*;*;*;parents;*;*;*;no;*;no;*;*;*;no;yes;*;*;*;*;*;*;*;*;*;13
MS;*;*;*;*;*;*;*;*;*;*;parents;*;*;*;no;*;no;*;*;*;yes;yes;*;*;*;*;*;*;*;*;*;12
MS;*;*;*;*;*;*;*;*;*;*;parents;*;*;*;no;*;no;*;*;*;no;no;*;*;*;*;*;*;*;*;*;12
MS;*;*;*;*;*;*;*;*;*;*;parents;*;*;*;no;*;no;*;*;*;no;yes;*;*;*;*;*;*;*;*;*;16
MS;*;*;*;*;*;*;*;*;*;*;parents;*;*;*;no;*;no;*;*;*;yes;no;*;*;*;*;*;*;*;*;*;10
MS;*;*;*;*;*;*;*;*;*;*;parents;*;*;*;no;*;no;*;*;*;yes;no;*;*;*;*;*;*;*;*;*;11
MS;*;*;*;*;*;*;*;*;*;*;parents;*;*;*;no;*;no;*;*;*;no;no;*;*;*;*;*;*;*;*;*;14
MS;*;*;*;*;*;*;*;*;*;*;parents;*;*;*;no;*;no;*;*;*;yes;yes;*;*;*;*;*;*;*;*;*;8
MS;*;*;*;*;*;*;*;*;*;*;parents;*;*;*;no;*;no;*;*;*;yes;no;*;*;*;*;*;*;*;*;*;11
*;*;*;*;*;*;*;*;*;*;*;*;*;*;*;*;*;*;*;*;*;*;*;*;*;*;*;*;*;*;*;*;8
MS;*;*;*;*;*;*;*;*;*;*;parents;*;*;*;no;*;no;*;*;*;no;no;*;*;*;*;*;*;*;*;*;10
*;*;*;*;*;*;*;*;*;*;*;*;*;*;*;*;*;*;*;*;*;*;*;*;*;*;*;*;*;*;*;*;10
MS;*;*;*;*;*;*;*;*;*;*;parents;*;*;*;no;*;no;*;*;*;no;yes;*;*;*;*;*;*;*;*;*;11
MS;*;*;*;*;*;*;*;*;*;*;parents;*;*;*;no;*;no;*;*;*;no;yes;*;*;*;*;*;*;*;*;*;9
MS;*;*;*;*;*;*;*;*;*;*;parents;*;*;*;no;*;no;*;*;*;yes;no;*;*;*;*;*;*;*;*;*;11
MS;*;*;*;*;*;*;*;*;*;*;parents;*;*;*;no;*;no;*;*;*;no;no;*;*;*;*;*;*;*;*;*;8
MS;*;*;*;*;*;*;*;*;*;*;parents;*;*;*;no;*;no;*;*;*;yes;no;*;*;*;*;*;*;*;*;*;11
*;*;*;*;*;*;*;*;*;*;*;*;*;*;*;*;*;*;*;*;*;*;*;*;*;*;*;*;*;*;*;*;10
*;*;*;*;*;*;*;*;*;*;*;*;*;*;*;*;*;*;*;*;*;*;*;*;*;*;*;*;*;*;*;*;10
MS;*;*;*;*;*;*;*;*;*;*;parents;*;*;*;no;*;no;*;*;*;no;yes;*;*;*;*;*;*;*;*;*;9
MS;*;*;*;*;*;*;*;*;*;*;parents;*;*;*;no;*;no;*;*;*;yes;no;*;*;*;*;*;*;*;*;*;10
MS;*;*;*;*;*;*;*;*;*;*;parents;*;*;*;no;*;no;*;*;*;yes;yes;*;*;*;*;*;*;*;*;*;10
*;*;*;*;*;*;*;*;*;*;*;*;*;*;*;*;*;*;*;*;*;*;*;*;*;*;*;*;*;*;*;*;9
MS;*;*;*;*;*;*;*;*;*;*;parents;*;*;*;no;*;no;*;*;*;no;yes;*;*;*;*;*;*;*;*;*;10
MS;*;*;*;*;*;*;*;*;*;*;parents;*;*;*;no;*;no;*;*;*;no;no;*;*;*;*;*;*;*;*;*;10
MS;*;*;*;*;*;*;*;*;*;*;parents;*;*;*;no;*;no;*;*;*;yes;no;*;*;*;*;*;*;*;*;*;9
MS;*;*;*;*;*;*;*;*;*;*;parents;*;*;*;no;*;no;*;*;*;yes;yes;*;*;*;*;*;*;*;*;*;13
MS;*;*;*;*;*;*;*;*;*;*;parents;*;*;*;no;*;no;*;*;*;yes;yes;*;*;*;*;*;*;*;*;*;14
*;*;*;*;*;*;*;*;*;*;*;*;*;*;*;*;*;*;*;*;*;*;*;*;*;*;*;*;*;*;*;*;10
MS;*;*;*;*;*;*;*;*;*;*;parents;*;*;*;no;*;no;*;*;*;yes;no;*;*;*;*;*;*;*;*;*;14
*;*;*;*;*;*;*;*;*;*;*;*;*;*;*;*;*;*;*;*;*;*;*;*;*;*;*;*;*;*;*;*;16
MS;*;*;*;*;*;*;*;*;*;*;parents;*;*;*;no;*;no;*;*;*;yes;yes;*;*;*;*;*;*;*;*;*;7
MS;*;*;*;*;*;*;*;*;*;*;parents;*;*;*;no;*;no;*;*;*;yes;no;*;*;*;*;*;*;*;*;*;13
MS;*;*;*;*;*;*;*;*;*;*;parents;*;*;*;no;*;no;*;*;*;no;no;*;*;*;*;*;*;*;*;*;9
*;*;*;*;*;*;*;*;*;*;*;*;*;*;*;*;*;*;*;*;*;*;*;*;*;*;*;*;*;*;*;*;14
MS;*;*;*;*;*;*;*;*;*;*;parents;*;*;*;no;*;no;*;*;*;yes;yes;*;*;*;*;*;*;*;*;*;13
MS;*;*;*;*;*;*;*;*;*;*;parents;*;*;*;no;*;no;*;*;*;yes;yes;*;*;*;*;*;*;*;*;*;11
MS;*;*;*;*;*;*;*;*;*;*;parents;*;*;*;no;*;no;*;*;*;yes;yes;*;*;*;*;*;*;*;*;*;10
MS;*;*;*;*;*;*;*;*;*;*;parents;*;*;*;no;*;no;*;*;*;no;yes;*;*;*;*;*;*;*;*;*;10
MS;*;*;*;*;*;*;*;*;*;*;parents;*;*;*;no;*;no;*;*;*;yes;no;*;*;*;*;*;*;*;*;*;9
MS;*;*;*;*;*;*;*;*;*;*;parents;*;*;*;no;*;no;*;*;*;no;no;*;*;*;*;*;*;*;*;*;18
MS;*;*;*;*;*;*;*;*;*;*;parents;*;*;*;no;*;no;*;*;*;no;no;*;*;*;*;*;*;*;*;*;17
MS;*;*;*;*;*;*;*;*;*;*;parents;*;*;*;no;*;no;*;*;*;yes;yes;*;*;*;*;*;*;*;*;*;10
MS;*;*;*;*;*;*;*;*;*;*;parents;*;*;*;no;*;no;*;*;*;yes;yes;*;*;*;*;*;*;*;*;*;7
MS;*;*;*;*;*;*;*;*;*;*;parents;*;*;*;no;*;no;*;*;*;yes;no;*;*;*;*;*;*;*;*;*;8
MS;*;*;*;*;*;*;*;*;*;*;parents;*;*;*;no;*;no;*;*;*;yes;no;*;*;*;*;*;*;*;*;*;7
*;*;*;*;*;*;*;*;*;*;*;*;*;*;*;*;*;*;*;*;*;*;*;*;*;*;*;*;*;*;*;*;10
MS;*;*;*;*;*;*;*;*;*;*;parents;*;*;*;no;*;no;*;*;*;yes;yes;*;*;*;*;*;*;*;*;*;16
MS;*;*;*;*;*;*;*;*;*;*;parents;*;*;*;no;*;no;*;*;*;yes;no;*;*;*;*;*;*;*;*;*;15
MS;*;*;*;*;*;*;*;*;*;*;parents;*;*;*;no;*;no;*;*;*;yes;no;*;*;*;*;*;*;*;*;*;8
MS;*;*;*;*;*;*;*;*;*;*;parents;*;*;*;no;*;no;*;*;*;yes;no;*;*;*;*;*;*;*;*;*;0
MS;*;*;*;*;*;*;*;*;*;*;parents;*;*;*;no;*;no;*;*;*;yes;no;*;*;*;*;*;*;*;*;*;8
MS;*;*;*;*;*;*;*;*;*;*;parents;*;*;*;no;*;no;*;*;*;yes;no;*;*;*;*;*;*;*;*;*;10
MS;*;*;*;*;*;*;*;*;*;*;parents;*;*;*;no;*;no;*;*;*;yes;yes;*;*;*;*;*;*;*;*;*;8
MS;*;*;*;*;*;*;*;*;*;*;parents;*;*;*;no;*;no;*;*;*;yes;yes;*;*;*;*;*;*;*;*;*;6
MS;*;*;*;*;*;*;*;*;*;*;parents;*;*;*;no;*;no;*;*;*;no;no;*;*;*;*;*;*;*;*;*;8
MS;*;*;*;*;*;*;*;*;*;*;parents;*;*;*;no;*;no;*;*;*;yes;no;*;*;*;*;*;*;*;*;*;16
MS;*;*;*;*;*;*;*;*;*;*;parents;*;*;*;no;*;no;*;*;*;yes;yes;*;*;*;*;*;*;*;*;*;14
MS;*;*;*;*;*;*;*;*;*;*;parents;*;*;*;no;*;no;*;*;*;no;no;*;*;*;*;*;*;*;*;*;10
*;*;*;*;*;*;*;*;*;*;*;*;*;*;*;*;*;*;*;*;*;*;*;*;*;*;*;*;*;*;*;*;9
MS;*;*;*;*;*;*;*;*;*;*;parents;*;*;*;no;*;no;*;*;*;no;no;*;*;*;*;*;*;*;*;*;11
MS;*;*;*;*;*;*;*;*;*;*;parents;*;*;*;no;*;no;*;*;*;yes;no;*;*;*;*;*;*;*;*;*;9
MS;*;*;*;*;*;*;*;*;*;*;parents;*;*;*;no;*;no;*;*;*;yes;yes;*;*;*;*;*;*;*;*;*;10
MS;*;*;*;*;*;*;*;*;*;*;parents;*;*;*;no;*;no;*;*;*;yes;yes;*;*;*;*;*;*;*;*;*;8
MS;*;*;*;*;*;*;*;*;*;*;parents;*;*;*;no;*;no;*;*;*;yes;yes;*;*;*;*;*;*;*;*;*;16
MS;*;*;*;*;*;*;*;*;*;*;parents;*;*;*;no;*;no;*;*;*;yes;no;*;*;*;*;*;*;*;*;*;12
MS;*;*;*;*;*;*;*;*;*;*;parents;*;*;*;no;*;no;*;*;*;no;no;*;*;*;*;*;*;*;*;*;10
MS;*;*;*;*;*;*;*;*;*;*;parents;*;*;*;no;*;no;*;*;*;no;no;*;*;*;*;*;*;*;*;*;14
MS;*;*;*;*;*;*;*;*;*;*;parents;*;*;*;no;*;no;*;*;*;yes;no;*;*;*;*;*;*;*;*;*;12
MS;*;*;*;*;*;*;*;*;*;*;parents;*;*;*;no;*;no;*;*;*;no;yes;*;*;*;*;*;*;*;*;*;11
MS;*;*;*;*;*;*;*;*;*;*;parents;*;*;*;no;*;no;*;*;*;yes;no;*;*;*;*;*;*;*;*;*;10
MS;*;*;*;*;*;*;*;*;*;*;parents;*;*;*;no;*;no;*;*;*;no;yes;*;*;*;*;*;*;*;*;*;11
*;*;*;*;*;*;*;*;*;*;*;*;*;*;*;*;*;*;*;*;*;*;*;*;*;*;*;*;*;*;*;*;11
MS;*;*;*;*;*;*;*;*;*;*;parents;*;*;*;no;*;no;*;*;*;yes;yes;*;*;*;*;*;*;*;*;*;12
MS;*;*;*;*;*;*;*;*;*;*;parents;*;*;*;no;*;no;*;*;*;yes;yes;*;*;*;*;*;*;*;*;*;8
MS;*;*;*;*;*;*;*;*;*;*;parents;*;*;*;no;*;no;*;*;*;no;yes;*;*;*;*;*;*;*;*;*;12
MS;*;*;*;*;*;*;*;*;*;*;parents;*;*;*;no;*;no;*;*;*;yes;yes;*;*;*;*;*;*;*;*;*;8
MS;*;*;*;*;*;*;*;*;*;*;parents;*;*;*;no;*;no;*;*;*;yes;no;*;*;*;*;*;*;*;*;*;16
MS;*;*;*;*;*;*;*;*;*;*;parents;*;*;*;no;*;no;*;*;*;yes;no;*;*;*;*;*;*;*;*;*;11
MS;*;*;*;*;*;*;*;*;*;*;parents;*;*;*;no;*;no;*;*;*;yes;yes;*;*;*;*;*;*;*;*;*;11
*;*;*;*;*;*;*;*;*;*;*;*;*;*;*;*;*;*;*;*;*;*;*;*;*;*;*;*;*;*;*;*;18
MS;*;*;*;*;*;*;*;*;*;*;parents;*;*;*;no;*;no;*;*;*;yes;yes;*;*;*;*;*;*;*;*;*;13
*;*;*;*;*;*;*;*;*;*;*;*;*;*;*;*;*;*;*;*;*;*;*;*;*;*;*;*;*;*;*;*;13
MS;*;*;*;*;*;*;*;*;*;*;parents;*;*;*;no;*;no;*;*;*;yes;no;*;*;*;*;*;*;*;*;*;10
MS;*;*;*;*;*;*;*;*;*;*;parents;*;*;*;no;*;no;*;*;*;no;yes;*;*;*;*;*;*;*;*;*;12
MS;*;*;*;*;*;*;*;*;*;*;parents;*;*;*;no;*;no;*;*;*;yes;yes;*;*;*;*;*;*;*;*;*;10
*;*;*;*;*;*;*;*;*;*;*;*;*;*;*;*;*;*;*;*;*;*;*;*;*;*;*;*;*;*;*;*;13
MS;*;*;*;*;*;*;*;*;*;*;parents;*;*;*;no;*;no;*;*;*;no;no;*;*;*;*;*;*;*;*;*;11
MS;*;*;*;*;*;*;*;*;*;*;parents;*;*;*;no;*;no;*;*;*;yes;yes;*;*;*;*;*;*;*;*;*;10
MS;*;*;*;*;*;*;*;*;*;*;parents;*;*;*;no;*;no;*;*;*;no;yes;*;*;*;*;*;*;*;*;*;10
*;*;*;*;*;*;*;*;*;*;*;*;*;*;*;*;*;*;*;*;*;*;*;*;*;*;*;*;*;*;*;*;13
MS;*;*;*;*;*;*;*;*;*;*;parents;*;*;*;no;*;no;*;*;*;yes;yes;*;*;*;*;*;*;*;*;*;10
MS;*;*;*;*;*;*;*;*;*;*;parents;*;*;*;no;*;no;*;*;*;no;no;*;*;*;*;*;*;*;*;*;10
MS;*;*;*;*;*;*;*;*;*;*;parents;*;*;*;no;*;no;*;*;*;no;yes;*;*;*;*;*;*;*;*;*;12
MS;*;*;*;*;*;*;*;*;*;*;parents;*;*;*;no;*;no;*;*;*;no;yes;*;*;*;*;*;*;*;*;*;0
MS;*;*;*;*;*;*;*;*;*;*;parents;*;*;*;no;*;no;*;*;*;yes;no;*;*;*;*;*;*;*;*;*;10
MS;*;*;*;*;*;*;*;*;*;*;parents;*;*;*;no;*;no;*;*;*;yes;no;*;*;*;*;*;*;*;*;*;9
*;*;*;*;*;*;*;*;*;*;*;*;*;*;*;*;*;*;*;*;*;*;*;*;*;*;*;*;*;*;*;*;9
MS;*;*;*;*;*;*;*;*;*;*;parents;*;*;*;no;*;no;*;*;*;yes;no;*;*;*;*;*;*;*;*;*;0
MS;*;*;*;*;*;*;*;*;*;*;parents;*;*;*;no;*;no;*;*;*;no;no;*;*;*;*;*;*;*;*;*;9
MS;*;*;*;*;*;*;*;*;*;*;parents;*;*;*;no;*;no;*;*;*;yes;no;*;*;*;*;*;*;*;*;*;8
MS;*;*;*;*;*;*;*;*;*;*;parents;*;*;*;no;*;no;*;*;*;yes;yes;*;*;*;*;*;*;*;*;*;8
*;*;*;*;*;*;*;*;*;*;*;*;*;*;*;*;*;*;*;*;*;*;*;*;*;*;*;*;*;*;*;*;9
MS;*;*;*;*;*;*;*;*;*;*;parents;*;*;*;no;*;no;*;*;*;no;yes;*;*;*;*;*;*;*;*;*;7
MS;*;*;*;*;*;*;*;*;*;*;parents;*;*;*;no;*;no;*;*;*;no;no;*;*;*;*;*;*;*;*;*;10
*;*;*;*;*;*;*;*;*;*;*;*;*;*;*;*;*;*;*;*;*;*;*;*;*;*;*;*;*;*;*;*;10
MS;*;*;*;*;*;*;*;*;*;*;parents;*;*;*;no;*;no;*;*;*;yes;no;*;*;*;*;*;*;*;*;*;10
MS;*;*;*;*;*;*;*;*;*;*;parents;*;*;*;no;*;no;*;*;*;yes;no;*;*;*;*;*;*;*;*;*;11
*;*;*;*;*;*;*;*;*;*;*;*;*;*;*;*;*;*;*;*;*;*;*;*;*;*;*;*;*;*;*;*;11
MS;*;*;*;*;*;*;*;*;*;*;parents;*;*;*;no;*;no;*;*;*;yes;no;*;*;*;*;*;*;*;*;*;10
MS;*;*;*;*;*;*;*;*;*;*;parents;*;*;*;no;*;no;*;*;*;yes;yes;*;*;*;*;*;*;*;*;*;9
*;*;*;*;*;*;*;*;*;*;*;*;*;*;*;*;*;*;*;*;*;*;*;*;*;*;*;*;*;*;*;*;10
MS;*;*;*;*;*;*;*;*;*;*;parents;*;*;*;no;*;no;*;*;*;no;no;*;*;*;*;*;*;*;*;*;8
MS;*;*;*;*;*;*;*;*;*;*;parents;*;*;*;no;*;no;*;*;*;no;no;*;*;*;*;*;*;*;*;*;7
MS;*;*;*;*;*;*;*;*;*;*;parents;*;*;*;no;*;no;*;*;*;yes;yes;*;*;*;*;*;*;*;*;*;0
MS;*;*;*;*;*;*;*;*;*;*;parents;*;*;*;no;*;no;*;*;*;yes;no;*;*;*;*;*;*;*;*;*;11
*;*;*;*;*;*;*;*;*;*;*;*;*;*;*;*;*;*;*;*;*;*;*;*;*;*;*;*;*;*;*;*;8
*;*;*;*;*;*;*;*;*;*;*;*;*;*;*;*;*;*;*;*;*;*;*;*;*;*;*;*;*;*;*;*;0
MS;*;*;*;*;*;*;*;*;*;*;parents;*;*;*;no;*;no;*;*;*;yes;no;*;*;*;*;*;*;*;*;*;8
MS;*;*;*;*;*;*;*;*;*;*;parents;*;*;*;no;*;no;*;*;*;no;yes;*;*;*;*;*;*;*;*;*;9
MS;*;*;*;*;*;*;*;*;*;*;parents;*;*;*;no;*;no;*;*;*;yes;no;*;*;*;*;*;*;*;*;*;10
MS;*;*;*;*;*;*;*;*;*;*;parents;*;*;*;no;*;no;*;*;*;no;yes;*;*;*;*;*;*;*;*;*;7
MS;*;*;*;*;*;*;*;*;*;*;parents;*;*;*;no;*;no;*;*;*;yes;no;*;*;*;*;*;*;*;*;*;14
MS;*;*;*;*;*;*;*;*;*;*;parents;*;*;*;no;*;no;*;*;*;yes;no;*;*;*;*;*;*;*;*;*;13
MS;*;*;*;*;*;*;*;*;*;*;parents;*;*;*;no;*;no;*;*;*;yes;no;*;*;*;*;*;*;*;*;*;14
MS;*;*;*;*;*;*;*;*;*;*;parents;*;*;*;no;*;no;*;*;*;yes;no;*;*;*;*;*;*;*;*;*;18
MS;*;*;*;*;*;*;*;*;*;*;parents;*;*;*;no;*;no;*;*;*;yes;no;*;*;*;*;*;*;*;*;*;17
MS;*;*;*;*;*;*;*;*;*;*;parents;*;*;*;no;*;no;*;*;*;yes;no;*;*;*;*;*;*;*;*;*;18
MS;*;*;*;*;*;*;*;*;*;*;parents;*;*;*;no;*;no;*;*;*;no;yes;*;*;*;*;*;*;*;*;*;0
MS;*;*;*;*;*;*;*;*;*;*;parents;*;*;*;no;*;no;*;*;*;no;no;*;*;*;*;*;*;*;*;*;11
*;*;*;*;*;*;*;*;*;*;*;*;*;*;*;*;*;*;*;*;*;*;*;*;*;*;*;*;*;*;*;*;14
MS;*;*;*;*;*;*;*;*;*;*;parents;*;*;*;no;*;no;*;*;*;no;no;*;*;*;*;*;*;*;*;*;14
MS;*;*;*;*;*;*;*;*;*;*;parents;*;*;*;no;*;no;*;*;*;yes;yes;*;*;*;*;*;*;*;*;*;10
MS;*;*;*;*;*;*;*;*;*;*;parents;*;*;*;no;*;no;*;*;*;yes;yes;*;*;*;*;*;*;*;*;*;13
MS;*;*;*;*;*;*;*;*;*;*;parents;*;*;*;no;*;no;*;*;*;yes;yes;*;*;*;*;*;*;*;*;*;0
MS;*;*;*;*;*;*;*;*;*;*;parents;*;*;*;no;*;no;*;*;*;no;no;*;*;*;*;*;*;*;*;*;10
MS;*;*;*;*;*;*;*;*;*;*;parents;*;*;*;no;*;no;*;*;*;no;no;*;*;*;*;*;*;*;*;*;0
MS;*;*;*;*;*;*;*;*;*;*;parents;*;*;*;no;*;no;*;*;*;yes;yes;*;*;*;*;*;*;*;*;*;18
MS;*;*;*;*;*;*;*;*;*;*;parents;*;*;*;no;*;no;*;*;*;yes;yes;*;*;*;*;*;*;*;*;*;12
MS;*;*;*;*;*;*;*;*;*;*;parents;*;*;*;no;*;no;*;*;*;no;yes;*;*;*;*;*;*;*;*;*;11
MS;*;*;*;*;*;*;*;*;*;*;parents;*;*;*;no;*;no;*;*;*;no;no;*;*;*;*;*;*;*;*;*;12
*;*;*;*;*;*;*;*;*;*;*;*;*;*;*;*;*;*;*;*;*;*;*;*;*;*;*;*;*;*;*;*;0
MS;*;*;*;*;*;*;*;*;*;*;parents;*;*;*;no;*;no;*;*;*;yes;yes;*;*;*;*;*;*;*;*;*;15
*;*;*;*;*;*;*;*;*;*;*;*;*;*;*;*;*;*;*;*;*;*;*;*;*;*;*;*;*;*;*;*;11
MS;*;*;*;*;*;*;*;*;*;*;parents;*;*;*;no;*;no;*;*;*;no;yes;*;*;*;*;*;*;*;*;*;10
*;*;*;*;*;*;*;*;*;*;*;*;*;*;*;*;*;*;*;*;*;*;*;*;*;*;*;*;*;*;*;*;12
MS;*;*;*;*;*;*;*;*;*;*;parents;*;*;*;no;*;no;*;*;*;no;yes;*;*;*;*;*;*;*;*;*;15
MS;*;*;*;*;*;*;*;*;*;*;parents;*;*;*;no;*;no;*;*;*;yes;yes;*;*;*;*;*;*;*;*;*;14
MS;*;*;*;*;*;*;*;*;*;*;parents;*;*;*;no;*;no;*;*;*;yes;no;*;*;*;*;*;*;*;*;*;18
MS;*;*;*;*;*;*;*;*;*;*;parents;*;*;*;no;*;no;*;*;*;no;yes;*;*;*;*;*;*;*;*;*;15
MS;*;*;*;*;*;*;*;*;*;*;parents;*;*;*;no;*;no;*;*;*;yes;yes;*;*;*;*;*;*;*;*;*;13
MS;*;*;*;*;*;*;*;*;*;*;parents;*;*;*;no;*;no;*;*;*;yes;yes;*;*;*;*;*;*;*;*;*;15
MS;*;*;*;*;*;*;*;*;*;*;parents;*;*;*;no;*;no;*;*;*;no;no;*;*;*;*;*;*;*;*;*;13
*;*;*;*;*;*;*;*;*;*;*;*;*;*;*;*;*;*;*;*;*;*;*;*;*;*;*;*;*;*;*;*;9
MS;*;*;*;*;*;*;*;*;*;*;parents;*;*;*;no;*;no;*;*;*;yes;yes;*;*;*;*;*;*;*;*;*;16
MS;*;*;*;*;*;*;*;*;*;*;parents;*;*;*;no;*;no;*;*;*;yes;yes;*;*;*;*;*;*;*;*;*;9
MS;*;*;*;*;*;*;*;*;*;*;parents;*;*;*;no;*;no;*;*;*;yes;yes;*;*;*;*;*;*;*;*;*;10
MS;*;*;*;*;*;*;*;*;*;*;parents;*;*;*;no;*;no;*;*;*;yes;yes;*;*;*;*;*;*;*;*;*;0
MS;*;*;*;*;*;*;*;*;*;*;parents;*;*;*;no;*;no;*;*;*;yes;yes;*;*;*;*;*;*;*;*;*;10
MS;*;*;*;*;*;*;*;*;*;*;parents;*;*;*;no;*;no;*;*;*;no;yes;*;*;*;*;*;*;*;*;*;12
MS;*;*;*;*;*;*;*;*;*;*;parents;*;*;*;no;*;no;*;*;*;yes;no;*;*;*;*;*;*;*;*;*;9
MS;*;*;*;*;*;*;*;*;*;*;parents;*;*;*;no;*;no;*;*;*;yes;no;*;*;*;*;*;*;*;*;*;17
MS;*;*;*;*;*;*;*;*;*;*;parents;*;*;*;no;*;no;*;*;*;yes;no;*;*;*;*;*;*;*;*;*;12
*;*;*;*;*;*;*;*;*;*;*;*;*;*;*;*;*;*;*;*;*;*;*;*;*;*;*;*;*;*;*;*;9
MS;*;*;*;*;*;*;*;*;*;*;parents;*;*;*;no;*;no;*;*;*;yes;no;*;*;*;*;*;*;*;*;*;14
MS;*;*;*;*;*;*;*;*;*;*;parents;*;*;*;no;*;no;*;*;*;yes;yes;*;*;*;*;*;*;*;*;*;16
MS;*;*;*;*;*;*;*;*;*;*;parents;*;*;*;no;*;no;*;*;*;yes;no;*;*;*;*;*;*;*;*;*;9
MS;*;*;*;*;*;*;*;*;*;*;parents;*;*;*;no;*;no;*;*;*;yes;no;*;*;*;*;*;*;*;*;*;19
MS;*;*;*;*;*;*;*;*;*;*;parents;*;*;*;no;*;no;*;*;*;yes;yes;*;*;*;*;*;*;*;*;*;0
MS;*;*;*;*;*;*;*;*;*;*;parents;*;*;*;no;*;no;*;*;*;yes;no;*;*;*;*;*;*;*;*;*;16
MS;*;*;*;*;*;*;*;*;*;*;parents;*;*;*;no;*;no;*;*;*;no;no;*;*;*;*;*;*;*;*;*;0
*;*;*;*;*;*;*;*;*;*;*;*;*;*;*;*;*;*;*;*;*;*;*;*;*;*;*;*;*;*;*;*;0
MS;*;*;*;*;*;*;*;*;*;*;parents;*;*;*;no;*;no;*;*;*;no;no;*;*;*;*;*;*;*;*;*;15
MS;*;*;*;*;*;*;*;*;*;*;parents;*;*;*;no;*;no;*;*;*;yes;no;*;*;*;*;*;*;*;*;*;11
MS;*;*;*;*;*;*;*;*;*;*;parents;*;*;*;no;*;no;*;*;*;yes;yes;*;*;*;*;*;*;*;*;*;10
MS;*;*;*;*;*;*;*;*;*;*;parents;*;*;*;no;*;no;*;*;*;yes;no;*;*;*;*;*;*;*;*;*;10
MS;*;*;*;*;*;*;*;*;*;*;parents;*;*;*;no;*;no;*;*;*;yes;no;*;*;*;*;*;*;*;*;*;16
MS;*;*;*;*;*;*;*;*;*;*;parents;*;*;*;no;*;no;*;*;*;no;no;*;*;*;*;*;*;*;*;*;9
MS;*;*;*;*;*;*;*;*;*;*;parents;*;*;*;no;*;no;*;*;*;yes;no;*;*;*;*;*;*;*;*;*;10
MS;*;*;*;*;*;*;*;*;*;*;parents;*;*;*;no;*;no;*;*;*;yes;no;*;*;*;*;*;*;*;*;*;11
